MatchID,homeTeamID,awayTeamID,Date,HomeTeam,AwayTeam,FTHG,FTAG,FTR,HTHG,HTAG,HTR,Referee,HS,AS,HST,AST,HF,AF,HC,AC,HY,AY,HR,AR,B365H,B365D,B365A
4182,10,38,13/08/2016,Burnley,Swansea,0,1,A,0,0,D,J Moss,10,17,3,9,10,14,7,4,3,2,0,0,2.4,3.3,3.25
4183,14,41,13/08/2016,Crystal Palace,West Brom,0,1,A,0,0,D,C Pawson,14,13,4,3,12,15,3,6,2,2,0,0,2.0,3.3,4.5
4184,16,39,13/08/2016,Everton,Tottenham,1,1,D,1,0,H,M Atkinson,12,13,6,4,10,14,5,6,0,0,0,0,3.2,3.4,2.4
4185,19,22,13/08/2016,Hull,Leicester,2,1,H,1,0,H,M Dean,14,18,5,5,8,17,5,3,2,2,0,0,4.5,3.6,1.91
4186,25,37,13/08/2016,Man City,Sunderland,2,1,H,1,0,H,R Madley,16,7,4,3,11,14,9,6,1,2,0,0,1.25,6.5,15.0
4187,27,36,13/08/2016,Middlesbrough,Stoke,1,1,D,1,0,H,K Friend,12,12,2,1,18,14,9,6,3,5,0,0,2.38,3.2,3.4
4188,35,40,13/08/2016,Southampton,Watford,1,1,D,0,1,A,R East,24,5,6,1,8,12,6,2,1,2,0,1,1.8,3.75,5.0
4189,1,23,14/08/2016,Arsenal,Liverpool,3,4,A,1,1,D,M Oliver,9,16,5,7,13,17,5,4,3,3,0,0,2.4,3.5,3.1
4190,7,26,14/08/2016,Bournemouth,Man United,1,3,A,0,1,A,A Marriner,9,11,3,7,7,10,4,2,0,1,0,0,4.75,3.6,1.85
4191,13,42,15/08/2016,Chelsea,West Ham,2,1,H,0,0,D,A Taylor,16,7,6,3,16,16,7,1,5,2,0,0,1.65,4.0,6.0
4192,26,35,19/08/2016,Man United,Southampton,2,0,H,1,0,H,A Taylor,12,13,5,1,11,8,4,0,0,0,0,0,1.53,4.2,7.5
4193,10,23,20/08/2016,Burnley,Liverpool,2,0,H,2,0,H,L Mason,3,26,2,5,14,5,1,12,0,1,0,0,6.5,4.2,1.57
4194,22,1,20/08/2016,Leicester,Arsenal,0,0,D,0,0,D,M Clattenburg,8,13,1,4,11,7,2,7,1,2,0,0,2.88,3.6,2.5
4195,36,25,20/08/2016,Stoke,Man City,1,4,A,0,2,A,M Dean,8,12,3,6,12,13,7,7,3,4,0,0,5.5,3.8,1.73
4196,38,19,20/08/2016,Swansea,Hull,0,2,A,0,0,D,S Attwell,13,12,3,4,7,10,8,3,0,0,0,0,1.8,3.6,5.25
4197,39,14,20/08/2016,Tottenham,Crystal Palace,1,0,H,0,0,D,M Oliver,20,10,5,2,19,9,10,4,3,3,0,0,1.45,4.75,8.0
4198,40,13,20/08/2016,Watford,Chelsea,1,2,A,0,0,D,J Moss,6,13,2,4,20,10,0,5,4,3,0,0,5.5,3.8,1.73
4199,41,16,20/08/2016,West Brom,Everton,1,2,A,1,1,D,N Swarbrick,11,13,4,7,16,10,7,4,3,1,0,0,3.0,3.25,2.6
4200,37,27,21/08/2016,Sunderland,Middlesbrough,1,2,A,0,2,A,M Atkinson,18,8,5,3,11,14,8,1,1,1,0,0,2.55,3.2,3.1
4201,42,7,21/08/2016,West Ham,Bournemouth,1,0,H,0,0,D,C Pawson,15,8,2,5,15,15,1,6,3,1,0,1,1.95,3.75,4.0
4202,13,10,27/08/2016,Chelsea,Burnley,3,0,H,2,0,H,M Clattenburg,22,6,10,0,6,9,9,5,2,2,0,0,1.25,5.5,15.0
4203,14,7,27/08/2016,Crystal Palace,Bournemouth,1,1,D,0,1,A,M Dean,24,10,5,3,15,10,10,4,2,1,0,0,2.3,3.2,3.3
4204,16,36,27/08/2016,Everton,Stoke,1,0,H,0,0,D,M Oliver,21,8,9,1,14,11,9,2,2,1,0,0,1.73,3.6,5.25
4205,19,26,27/08/2016,Hull,Man United,0,1,A,0,0,D,J Moss,8,29,2,9,9,6,1,6,2,3,0,0,8.0,4.1,1.44
4206,22,38,27/08/2016,Leicester,Swansea,2,1,H,1,0,H,R East,13,9,6,3,14,10,4,6,2,2,0,0,1.73,3.6,5.25
4207,35,37,27/08/2016,Southampton,Sunderland,1,1,D,0,0,D,L Mason,16,5,7,2,15,8,5,5,2,2,0,0,1.57,3.6,6.5
4208,39,23,27/08/2016,Tottenham,Liverpool,1,1,D,0,1,A,R Madley,11,13,4,3,11,17,5,5,3,5,0,0,2.38,3.4,3.0
4209,40,1,27/08/2016,Watford,Arsenal,1,3,A,0,3,A,K Friend,14,10,6,7,18,15,3,2,6,1,0,0,5.0,3.75,1.73
4210,25,42,28/08/2016,Man City,West Ham,3,1,H,2,0,H,A Marriner,22,9,5,2,5,10,5,4,1,3,0,0,1.25,6.0,11.0
4211,41,27,28/08/2016,West Brom,Middlesbrough,0,0,D,0,0,D,A Taylor,13,7,2,2,12,11,5,4,1,3,0,0,2.6,3.1,2.9
4212,1,35,10/09/2016,Arsenal,Southampton,2,1,H,1,1,D,R Madley,17,11,2,5,10,8,6,1,2,5,0,0,1.57,4.2,6.5
4213,7,41,10/09/2016,Bournemouth,West Brom,1,0,H,0,0,D,K Friend,12,12,5,2,9,11,10,5,1,3,0,0,2.05,3.25,4.33
4214,10,19,10/09/2016,Burnley,Hull,1,1,D,0,0,D,P Tierney,13,11,2,3,13,3,5,9,2,0,0,0,2.45,3.1,3.4
4215,23,22,10/09/2016,Liverpool,Leicester,4,1,H,2,1,H,C Pawson,17,12,11,3,4,8,1,7,1,2,0,0,1.7,4.0,5.5
4216,26,25,10/09/2016,Man United,Man City,1,2,A,1,2,A,M Clattenburg,14,18,3,6,15,10,4,4,4,2,0,0,2.38,3.25,3.4
4217,27,14,10/09/2016,Middlesbrough,Crystal Palace,1,2,A,1,1,D,N Swarbrick,12,12,4,4,5,9,6,6,1,2,0,0,2.3,3.2,3.6
4218,36,39,10/09/2016,Stoke,Tottenham,0,4,A,0,1,A,A Taylor,15,20,2,8,13,18,10,8,3,2,0,0,4.6,3.75,1.85
4219,42,40,10/09/2016,West Ham,Watford,2,4,A,2,2,D,M Atkinson,19,13,4,8,10,15,4,4,2,2,0,0,1.91,3.6,4.5
4220,38,13,11/09/2016,Swansea,Chelsea,2,2,D,0,1,A,A Marriner,6,28,2,7,17,8,1,11,3,4,0,0,5.75,4.0,1.67
4221,37,16,12/09/2016,Sunderland,Everton,0,3,A,0,0,D,M Jones,11,20,2,9,11,8,5,4,1,1,0,0,3.8,3.5,2.1
4222,13,23,16/09/2016,Chelsea,Liverpool,1,2,A,0,2,A,M Atkinson,12,13,4,5,6,13,6,4,1,1,0,0,2.25,3.5,3.4
4223,16,27,17/09/2016,Everton,Middlesbrough,3,1,H,3,1,H,L Mason,11,7,6,0,5,15,6,3,2,1,0,0,1.67,3.8,6.0
4224,19,1,17/09/2016,Hull,Arsenal,1,4,A,0,1,A,R East,6,24,2,9,9,12,2,4,0,2,1,0,6.0,4.2,1.6
4225,22,10,17/09/2016,Leicester,Burnley,3,0,H,1,0,H,A Taylor,14,7,6,2,10,9,7,1,0,1,0,0,1.5,4.33,8.0
4226,25,7,17/09/2016,Man City,Bournemouth,4,0,H,2,0,H,J Moss,20,6,12,2,8,11,5,5,1,1,1,0,1.29,6.0,12.0
4227,41,42,17/09/2016,West Brom,West Ham,4,2,H,3,0,H,M Clattenburg,8,23,6,5,14,6,2,6,2,1,0,0,2.8,3.2,2.8
4228,14,36,18/09/2016,Crystal Palace,Stoke,4,1,H,2,0,H,C Pawson,14,11,8,4,15,9,10,5,2,1,0,0,2.0,3.5,4.2
4229,35,38,18/09/2016,Southampton,Swansea,1,0,H,0,0,D,M Jones,19,9,6,3,14,9,7,1,1,1,0,0,1.7,3.8,5.75
4230,39,37,18/09/2016,Tottenham,Sunderland,1,0,H,0,0,D,M Dean,31,6,9,2,7,16,14,1,1,5,0,1,1.33,5.5,11.0
4231,40,26,18/09/2016,Watford,Man United,3,1,H,1,0,H,M Oliver,10,15,5,2,14,19,5,7,3,4,0,0,6.0,4.2,1.62
4232,1,13,24/09/2016,Arsenal,Chelsea,3,0,H,3,0,H,M Oliver,14,9,5,2,9,11,9,1,0,2,0,0,2.4,3.5,3.1
4233,7,16,24/09/2016,Bournemouth,Everton,1,0,H,1,0,H,R Madley,12,13,1,2,10,14,5,3,2,2,0,0,3.6,3.5,2.15
4234,23,19,24/09/2016,Liverpool,Hull,5,1,H,3,0,H,A Marriner,32,2,12,1,8,8,13,2,1,2,0,1,1.22,7.0,15.0
4235,26,22,24/09/2016,Man United,Leicester,4,1,H,4,0,H,M Dean,16,10,7,3,9,12,8,6,0,2,0,0,1.73,3.9,5.25
4236,27,39,24/09/2016,Middlesbrough,Tottenham,1,2,A,0,2,A,G Scott,6,19,2,5,14,9,2,10,2,1,0,0,3.75,3.5,2.1
4237,36,41,24/09/2016,Stoke,West Brom,1,1,D,0,0,D,M Atkinson,12,9,2,3,9,13,6,6,3,4,0,0,2.38,3.3,3.3
4238,37,14,24/09/2016,Sunderland,Crystal Palace,2,3,A,1,0,H,A Taylor,11,20,4,4,15,12,3,5,0,2,0,0,2.88,3.25,2.7
4239,38,25,24/09/2016,Swansea,Man City,1,3,A,1,1,D,N Swarbrick,13,18,5,4,15,9,2,7,2,4,0,0,9.0,5.5,1.36
4240,42,35,25/09/2016,West Ham,Southampton,0,3,A,0,1,A,J Moss,13,18,1,9,9,14,6,2,5,2,0,0,2.8,3.3,2.75
4241,10,40,26/09/2016,Burnley,Watford,2,0,H,1,0,H,M Jones,13,12,4,3,11,15,7,6,1,3,0,0,2.9,3.2,2.7
4242,16,14,30/09/2016,Everton,Crystal Palace,1,1,D,1,0,H,J Moss,13,10,3,2,16,11,10,9,5,4,0,0,1.73,4.0,5.0
4243,19,13,01/10/2016,Hull,Chelsea,0,2,A,0,0,D,A Taylor,8,22,3,9,13,15,5,7,2,2,0,0,7.5,4.5,1.5
4244,37,41,01/10/2016,Sunderland,West Brom,1,1,D,0,1,A,S Attwell,7,17,2,7,7,13,6,5,1,3,0,0,2.5,3.25,3.2
4245,38,23,01/10/2016,Swansea,Liverpool,1,2,A,1,0,H,M Oliver,8,18,3,6,11,9,3,10,2,2,0,0,8.0,4.75,1.45
4246,40,7,01/10/2016,Watford,Bournemouth,2,2,D,0,1,A,M Dean,17,11,7,2,17,12,4,5,3,4,0,0,2.38,3.3,3.3
4247,42,27,01/10/2016,West Ham,Middlesbrough,1,1,D,0,0,D,N Swarbrick,19,9,2,3,13,12,4,5,2,3,0,0,2.25,3.4,3.5
4248,10,1,02/10/2016,Burnley,Arsenal,0,1,A,0,0,D,C Pawson,10,18,1,3,2,3,2,6,0,0,0,0,9.0,5.0,1.4
4249,22,35,02/10/2016,Leicester,Southampton,0,0,D,0,0,D,M Atkinson,9,11,1,5,9,9,3,6,1,0,0,0,2.25,3.4,3.5
4250,26,36,02/10/2016,Man United,Stoke,1,1,D,0,0,D,R Madley,24,7,9,6,14,9,13,2,3,0,0,0,1.33,5.75,10.0
4251,39,25,02/10/2016,Tottenham,Man City,2,0,H,2,0,H,A Marriner,13,12,7,6,20,10,4,3,2,2,0,0,3.0,3.5,2.5
4252,1,38,15/10/2016,Arsenal,Swansea,3,2,H,2,1,H,J Moss,16,13,6,6,7,10,5,6,0,1,1,0,1.29,6.5,11.0
4253,7,19,15/10/2016,Bournemouth,Hull,6,1,H,3,1,H,L Mason,22,11,10,4,8,14,5,4,0,3,0,0,1.85,3.5,5.0
4254,13,22,15/10/2016,Chelsea,Leicester,3,0,H,2,0,H,A Marriner,16,5,6,0,6,12,8,5,1,1,0,0,1.57,4.5,6.0
4255,14,42,15/10/2016,Crystal Palace,West Ham,0,1,A,0,1,A,M Atkinson,12,12,3,4,12,13,7,6,1,3,0,1,2.15,3.5,3.6
4256,25,16,15/10/2016,Man City,Everton,1,1,D,0,0,D,M Oliver,19,3,8,2,7,9,13,1,0,2,0,0,1.5,4.75,7.0
4257,36,37,15/10/2016,Stoke,Sunderland,2,0,H,2,0,H,M Jones,18,11,6,1,10,13,6,4,1,1,0,0,2.0,3.6,4.0
4258,41,39,15/10/2016,West Brom,Tottenham,1,1,D,0,0,D,K Friend,8,20,4,8,14,10,5,8,2,2,0,0,5.5,3.8,1.73
4259,27,40,16/10/2016,Middlesbrough,Watford,0,1,A,0,0,D,R East,10,4,3,2,15,10,4,6,4,1,0,0,2.25,3.3,3.6
4260,35,10,16/10/2016,Southampton,Burnley,3,1,H,0,0,D,M Dean,34,6,14,1,11,10,8,4,1,2,0,0,1.4,4.8,9.5
4261,23,26,17/10/2016,Liverpool,Man United,0,0,D,0,0,D,A Taylor,9,7,3,1,14,20,3,1,0,4,0,0,2.2,3.5,3.5
4262,1,27,22/10/2016,Arsenal,Middlesbrough,0,0,D,0,0,D,M Dean,9,11,5,4,6,13,8,3,1,0,0,0,1.25,6.5,15.0
4263,7,39,22/10/2016,Bournemouth,Tottenham,0,0,D,0,0,D,C Pawson,8,16,1,4,10,15,7,4,2,4,0,0,4.2,3.6,1.95
4264,10,16,22/10/2016,Burnley,Everton,2,1,H,1,0,H,M Jones,9,20,3,8,16,15,2,8,2,3,0,0,6.0,3.8,1.67
4265,19,36,22/10/2016,Hull,Stoke,0,2,A,0,1,A,K Friend,9,12,2,6,16,8,5,7,2,3,0,0,3.1,3.3,2.5
4266,22,14,22/10/2016,Leicester,Crystal Palace,3,1,H,1,0,H,M Oliver,17,23,4,7,10,8,8,8,0,0,0,0,2.05,3.5,3.9
4267,23,41,22/10/2016,Liverpool,West Brom,2,1,H,2,0,H,N Swarbrick,21,6,7,1,9,13,3,2,1,3,0,0,1.29,6.0,13.0
4268,38,40,22/10/2016,Swansea,Watford,0,0,D,0,0,D,P Tierney,11,10,5,2,15,16,7,2,2,1,0,0,2.38,3.3,3.3
4269,42,37,22/10/2016,West Ham,Sunderland,1,0,H,0,0,D,R Madley,20,10,3,2,10,13,6,2,2,5,0,0,1.67,4.0,5.75
4270,13,26,23/10/2016,Chelsea,Man United,4,0,H,2,0,H,M Atkinson,14,16,6,5,7,17,5,7,3,2,0,0,2.15,3.4,3.8
4271,25,35,23/10/2016,Man City,Southampton,1,1,D,0,1,A,M Clattenburg,14,6,3,2,11,10,10,3,3,3,0,0,1.5,4.5,7.5
4272,14,23,29/10/2016,Crystal Palace,Liverpool,2,4,A,2,3,A,A Marriner,7,17,6,10,15,5,3,3,1,2,0,0,5.25,4.0,1.7
4273,26,10,29/10/2016,Man United,Burnley,0,0,D,0,0,D,M Clattenburg,37,7,11,1,12,9,19,1,1,3,1,0,1.2,7.0,19.0
4274,27,7,29/10/2016,Middlesbrough,Bournemouth,2,0,H,1,0,H,S Attwell,10,15,3,3,3,5,4,7,1,1,0,0,2.5,3.2,3.2
4275,37,1,29/10/2016,Sunderland,Arsenal,1,4,A,0,1,A,M Atkinson,3,21,1,7,9,13,0,8,4,3,0,0,9.0,5.0,1.4
4276,39,22,29/10/2016,Tottenham,Leicester,1,1,D,1,0,H,R Madley,22,6,5,1,11,20,8,1,3,4,0,0,1.62,4.2,6.0
4277,40,19,29/10/2016,Watford,Hull,1,0,H,0,0,D,J Moss,22,8,0,2,13,8,7,2,1,2,0,0,1.75,3.75,5.25
4278,41,25,29/10/2016,West Brom,Man City,0,4,A,0,2,A,L Mason,9,21,1,8,17,10,1,7,4,3,0,0,8.0,4.75,1.44
4279,16,42,30/10/2016,Everton,West Ham,2,0,H,0,0,D,A Taylor,17,13,6,3,15,12,8,8,2,3,0,0,1.8,3.8,4.75
4280,35,13,30/10/2016,Southampton,Chelsea,0,2,A,0,1,A,M Jones,9,13,1,7,13,16,7,3,0,0,0,0,3.2,3.4,2.4
4281,36,38,31/10/2016,Stoke,Swansea,3,1,H,1,1,D,M Oliver,17,14,4,6,7,14,6,4,2,0,0,0,2.05,3.6,3.8
4282,7,37,05/11/2016,Bournemouth,Sunderland,1,2,A,1,1,D,M Dean,22,9,7,4,14,17,12,2,3,2,0,1,1.65,4.2,5.5
4283,10,14,05/11/2016,Burnley,Crystal Palace,3,2,H,2,0,H,A Taylor,14,16,7,5,11,12,4,7,1,2,0,0,3.3,3.3,2.38
4284,13,16,05/11/2016,Chelsea,Everton,5,0,H,3,0,H,R Madley,21,1,9,0,5,16,4,2,0,3,0,0,1.53,4.33,7.0
4285,25,27,05/11/2016,Man City,Middlesbrough,1,1,D,1,0,H,K Friend,25,5,7,3,7,15,8,2,1,3,0,0,1.22,7.0,15.0
4286,42,36,05/11/2016,West Ham,Stoke,1,1,D,0,0,D,A Marriner,9,12,2,4,11,10,6,4,4,1,0,0,2.0,3.6,4.0
4287,1,39,06/11/2016,Arsenal,Tottenham,1,1,D,1,0,H,M Clattenburg,15,10,2,3,11,17,7,2,1,2,0,0,1.95,3.6,4.2
4288,19,35,06/11/2016,Hull,Southampton,2,1,H,0,1,A,G Scott,6,19,2,7,13,15,1,10,0,5,0,0,5.75,3.8,1.7
4289,22,41,06/11/2016,Leicester,West Brom,1,2,A,0,0,D,C Pawson,5,11,2,5,8,8,5,6,0,2,0,0,1.8,3.6,5.25
4290,23,40,06/11/2016,Liverpool,Watford,6,1,H,3,0,H,M Oliver,28,11,17,8,14,10,6,3,1,2,0,0,1.29,6.0,12.0
4291,38,26,06/11/2016,Swansea,Man United,1,3,A,0,3,A,N Swarbrick,6,9,1,3,9,16,2,0,0,2,0,0,5.0,4.0,1.73
4292,14,25,19/11/2016,Crystal Palace,Man City,1,2,A,0,1,A,R Madley,9,10,2,4,12,15,2,7,1,2,0,0,6.5,4.5,1.53
4293,16,38,19/11/2016,Everton,Swansea,1,1,D,0,1,A,M Atkinson,14,5,6,3,13,12,10,3,4,2,0,0,1.6,4.33,6.0
4294,26,1,19/11/2016,Man United,Arsenal,1,1,D,0,0,D,A Marriner,12,5,5,1,14,11,10,4,3,3,0,0,2.6,3.4,2.9
4295,35,23,19/11/2016,Southampton,Liverpool,0,0,D,0,0,D,M Clattenburg,3,15,0,2,8,11,1,8,1,1,0,0,3.4,3.6,2.2
4296,36,7,19/11/2016,Stoke,Bournemouth,0,1,A,0,1,A,R East,14,9,6,2,17,10,3,4,3,2,0,0,2.3,3.4,3.4
4297,37,19,19/11/2016,Sunderland,Hull,3,0,H,1,0,H,L Mason,11,17,4,7,9,8,2,8,1,0,1,0,2.15,3.4,3.8
4298,39,42,19/11/2016,Tottenham,West Ham,3,2,H,0,1,A,M Dean,14,11,6,3,13,16,4,5,3,2,0,1,1.5,4.5,7.5
4299,40,22,19/11/2016,Watford,Leicester,2,1,H,2,1,H,N Swarbrick,10,10,3,2,12,18,4,6,2,3,0,0,2.8,3.3,2.75
4300,27,13,20/11/2016,Middlesbrough,Chelsea,0,1,A,0,1,A,J Moss,12,13,1,3,13,10,2,3,2,3,0,0,7.0,4.0,1.57
4301,41,10,21/11/2016,West Brom,Burnley,4,0,H,3,0,H,M Jones,16,5,6,2,12,12,4,3,0,0,0,0,1.95,3.4,4.5
4302,10,25,26/11/2016,Burnley,Man City,1,2,A,1,1,D,A Marriner,10,21,5,5,5,15,5,8,2,3,0,0,9.0,6.0,1.33
4303,13,39,26/11/2016,Chelsea,Tottenham,2,1,H,1,1,D,M Oliver,9,12,5,6,13,16,3,8,2,1,0,0,1.75,3.8,5.25
4304,19,41,26/11/2016,Hull,West Brom,1,1,D,0,1,A,P Tierney,10,11,4,2,7,10,2,6,3,2,0,0,3.1,3.2,2.6
4305,22,27,26/11/2016,Leicester,Middlesbrough,2,2,D,1,1,D,L Mason,11,6,3,2,15,12,2,3,4,4,0,0,1.91,3.6,4.5
4306,23,37,26/11/2016,Liverpool,Sunderland,2,0,H,0,0,D,A Taylor,27,6,7,1,5,9,9,4,1,3,0,0,1.17,8.5,19.0
4307,38,14,26/11/2016,Swansea,Crystal Palace,5,4,H,1,1,D,K Friend,18,12,9,4,12,24,10,6,4,5,0,0,2.63,3.4,2.88
4308,1,7,27/11/2016,Arsenal,Bournemouth,3,1,H,1,1,D,M Jones,16,9,3,3,12,13,3,10,3,5,0,0,1.4,5.0,9.0
4309,26,42,27/11/2016,Man United,West Ham,1,1,D,1,1,D,J Moss,17,6,8,2,16,16,8,4,3,1,0,0,1.45,4.75,8.0
4310,35,16,27/11/2016,Southampton,Everton,1,0,H,1,0,H,C Pawson,17,13,7,1,11,15,5,2,0,2,0,0,2.2,3.4,3.6
4311,40,36,27/11/2016,Watford,Stoke,0,1,A,0,1,A,R Madley,11,14,2,1,24,14,3,3,3,0,1,0,2.4,3.3,3.3
4312,14,35,03/12/2016,Crystal Palace,Southampton,3,0,H,2,0,H,N Swarbrick,9,17,4,3,11,13,4,9,3,1,0,0,3.5,3.3,2.3
4313,25,13,03/12/2016,Man City,Chelsea,1,3,A,1,0,H,A Taylor,14,10,5,4,14,9,9,2,2,3,2,0,2.15,3.6,3.6
4314,36,10,03/12/2016,Stoke,Burnley,2,0,H,2,0,H,M Clattenburg,10,14,4,4,7,13,4,9,3,2,0,0,1.62,4.0,6.5
4315,37,22,03/12/2016,Sunderland,Leicester,2,1,H,0,0,D,A Marriner,22,17,6,5,8,12,3,4,3,1,0,0,3.4,3.4,2.3
4316,39,38,03/12/2016,Tottenham,Swansea,5,0,H,2,0,H,J Moss,28,1,15,0,11,17,5,0,0,4,0,0,1.36,5.5,9.0
4317,41,40,03/12/2016,West Brom,Watford,3,1,H,2,0,H,G Scott,11,17,3,5,12,8,3,4,2,1,0,1,2.2,3.3,3.75
4318,42,1,03/12/2016,West Ham,Arsenal,1,5,A,0,1,A,C Pawson,10,19,3,10,10,11,3,2,3,3,0,0,4.75,4.2,1.75
4319,7,23,04/12/2016,Bournemouth,Liverpool,4,3,H,0,2,A,R Madley,12,10,8,3,9,17,4,9,2,2,0,0,5.0,4.0,1.75
4320,16,26,04/12/2016,Everton,Man United,1,1,D,0,1,A,M Oliver,13,10,6,2,13,11,6,3,2,3,0,0,3.6,3.5,2.15
4321,27,19,05/12/2016,Middlesbrough,Hull,1,0,H,0,0,D,M Dean,16,6,4,2,6,11,13,7,1,1,0,0,1.83,3.5,5.25
4322,1,36,10/12/2016,Arsenal,Stoke,3,1,H,1,1,D,L Mason,21,12,6,5,9,6,7,7,0,0,0,0,1.35,5.5,9.5
4323,10,7,10/12/2016,Burnley,Bournemouth,3,2,H,2,1,H,M Atkinson,16,17,7,4,14,18,4,11,2,2,0,0,3.5,3.5,2.2
4324,19,14,10/12/2016,Hull,Crystal Palace,3,3,D,1,0,H,M Jones,15,14,6,6,16,14,4,7,2,4,0,0,3.5,3.3,2.3
4325,22,25,10/12/2016,Leicester,Man City,4,2,H,3,0,H,M Oliver,10,19,6,4,10,7,3,11,2,1,0,0,5.25,4.0,1.7
4326,38,37,10/12/2016,Swansea,Sunderland,3,0,H,0,0,D,C Pawson,14,11,5,2,10,8,7,4,1,2,0,0,2.15,3.5,3.6
4327,40,16,10/12/2016,Watford,Everton,3,2,H,1,1,D,A Taylor,11,11,6,4,11,16,2,4,2,2,0,0,3.1,3.4,2.45
4328,13,41,11/12/2016,Chelsea,West Brom,1,0,H,0,0,D,M Dean,12,6,2,1,6,10,3,1,2,4,0,0,1.25,6.25,15.0
4329,23,42,11/12/2016,Liverpool,West Ham,2,2,D,1,2,A,M Clattenburg,18,7,3,3,7,8,11,4,2,0,0,0,1.3,6.0,11.0
4330,26,39,11/12/2016,Man United,Tottenham,1,0,H,1,0,H,R Madley,15,12,5,4,19,17,3,8,3,3,0,0,2.2,3.4,3.6
4331,35,27,11/12/2016,Southampton,Middlesbrough,1,0,H,0,0,D,S Attwell,14,6,3,2,14,12,4,2,4,3,0,0,1.7,3.7,6.0
4332,7,22,13/12/2016,Bournemouth,Leicester,1,0,H,1,0,H,P Tierney,9,12,3,4,5,15,4,11,0,3,0,0,2.4,3.4,3.2
4333,16,1,13/12/2016,Everton,Arsenal,2,1,H,1,1,D,M Clattenburg,14,9,4,3,10,10,8,3,1,1,1,0,4.2,3.75,1.91
4334,14,26,14/12/2016,Crystal Palace,Man United,1,2,A,0,1,A,C Pawson,6,16,3,6,16,10,1,8,2,2,0,0,5.25,4.0,1.7
4335,25,40,14/12/2016,Man City,Watford,2,0,H,1,0,H,K Friend,13,5,7,2,16,20,5,2,1,2,0,0,1.29,6.5,11.0
4336,27,23,14/12/2016,Middlesbrough,Liverpool,0,3,A,0,1,A,J Moss,8,15,3,4,11,14,5,2,1,0,0,0,6.0,4.33,1.6
4337,36,35,14/12/2016,Stoke,Southampton,0,0,D,0,0,D,A Taylor,5,15,3,4,9,10,3,11,1,2,1,0,3.1,3.3,2.5
4338,37,13,14/12/2016,Sunderland,Chelsea,0,1,A,0,1,A,N Swarbrick,8,19,3,6,15,10,5,5,3,2,0,0,10.0,5.75,1.33
4339,39,19,14/12/2016,Tottenham,Hull,3,0,H,1,0,H,A Marriner,27,10,9,5,6,14,5,5,0,2,0,0,1.22,7.0,15.0
4340,41,38,14/12/2016,West Brom,Swansea,3,1,H,0,0,D,M Oliver,13,8,4,4,8,8,0,11,0,0,0,0,2.05,3.5,4.0
4341,42,10,14/12/2016,West Ham,Burnley,1,0,H,1,0,H,R Madley,20,8,7,2,12,15,6,1,0,2,0,0,1.67,4.0,5.75
4342,14,13,17/12/2016,Crystal Palace,Chelsea,0,1,A,0,1,A,J Moss,6,13,2,6,12,15,5,3,2,3,0,0,6.5,4.2,1.57
4343,27,38,17/12/2016,Middlesbrough,Swansea,3,0,H,2,0,H,N Swarbrick,10,14,4,2,10,11,3,8,1,0,0,0,2.1,3.4,4.0
4344,36,22,17/12/2016,Stoke,Leicester,2,2,D,2,0,H,C Pawson,16,14,7,8,9,12,9,9,2,6,0,1,2.6,3.4,2.9
4345,37,40,17/12/2016,Sunderland,Watford,1,0,H,0,0,D,R Madley,12,9,4,4,10,9,4,11,1,2,0,0,2.63,3.3,2.9
4346,41,26,17/12/2016,West Brom,Man United,0,2,A,0,1,A,A Taylor,10,10,1,5,9,13,2,3,3,3,0,0,5.75,3.8,1.7
4347,42,19,17/12/2016,West Ham,Hull,1,0,H,0,0,D,L Mason,18,16,6,5,13,9,10,6,2,4,0,0,1.62,4.1,6.0
4348,7,35,18/12/2016,Bournemouth,Southampton,1,3,A,1,1,D,M Clattenburg,10,14,5,8,6,12,7,4,0,2,0,0,3.0,3.3,2.6
4349,25,1,18/12/2016,Man City,Arsenal,2,1,H,0,1,A,M Atkinson,14,6,5,1,9,13,8,1,4,2,0,0,2.15,3.6,3.5
4350,39,10,18/12/2016,Tottenham,Burnley,2,1,H,1,1,D,K Friend,30,5,9,2,10,11,11,2,1,2,0,0,1.22,7.0,15.0
4351,16,23,19/12/2016,Everton,Liverpool,0,1,A,0,0,D,M Dean,6,11,1,4,13,9,1,6,3,1,0,0,4.2,3.6,1.95
4352,1,41,26/12/2016,Arsenal,West Brom,1,0,H,0,0,D,N Swarbrick,26,3,11,1,11,7,6,5,2,1,0,0,1.33,5.5,8.5
4353,10,27,26/12/2016,Burnley,Middlesbrough,1,0,H,0,0,D,C Pawson,6,8,4,2,17,18,7,3,6,5,0,0,2.9,3.1,2.6
4354,13,7,26/12/2016,Chelsea,Bournemouth,3,0,H,1,0,H,M Jones,14,7,4,3,13,14,5,5,1,1,0,0,1.36,5.0,8.5
4355,19,25,26/12/2016,Hull,Man City,0,3,A,0,0,D,R Madley,10,16,3,6,11,14,4,7,1,0,0,0,10.0,5.5,1.3
4356,22,16,26/12/2016,Leicester,Everton,0,2,A,0,0,D,S Attwell,7,8,2,3,14,7,3,4,3,0,0,0,2.5,3.3,2.9
4357,26,37,26/12/2016,Man United,Sunderland,3,1,H,1,0,H,M Atkinson,26,7,9,4,6,9,5,5,1,1,0,0,1.22,6.5,13.0
4358,38,42,26/12/2016,Swansea,West Ham,1,4,A,0,1,A,A Marriner,14,14,7,7,10,12,8,4,0,0,0,0,2.63,3.2,2.8
4359,40,14,26/12/2016,Watford,Crystal Palace,1,1,D,0,1,A,M Clattenburg,9,10,3,4,18,17,7,3,2,4,0,0,2.5,3.3,2.9
4360,23,36,27/12/2016,Liverpool,Stoke,4,1,H,2,1,H,M Oliver,20,6,6,2,9,6,8,2,0,1,0,0,1.3,5.5,10.0
4361,35,39,28/12/2016,Southampton,Tottenham,1,4,A,1,1,D,M Dean,9,17,2,5,7,16,2,10,1,4,1,0,2.8,3.25,2.6
4362,19,16,30/12/2016,Hull,Everton,2,2,D,1,1,D,J Moss,13,20,4,7,10,13,5,5,2,2,0,0,4.33,3.5,1.95
4363,10,37,31/12/2016,Burnley,Sunderland,4,1,H,1,0,H,G Scott,16,11,6,3,10,8,6,2,1,1,0,0,2.4,3.25,3.3
4364,13,36,31/12/2016,Chelsea,Stoke,4,2,H,1,0,H,R Madley,18,5,7,2,12,10,8,3,3,2,0,0,1.25,6.5,14.0
4365,22,42,31/12/2016,Leicester,West Ham,1,0,H,1,0,H,A Taylor,12,25,4,5,11,8,7,7,5,3,0,0,2.1,3.6,3.7
4366,23,25,31/12/2016,Liverpool,Man City,1,0,H,1,0,H,C Pawson,5,9,1,2,12,12,4,6,2,1,0,0,2.35,3.6,3.1
4367,26,27,31/12/2016,Man United,Middlesbrough,2,1,H,0,0,D,L Mason,32,9,12,2,9,14,12,2,1,1,0,0,1.25,6.0,16.0
4368,35,41,31/12/2016,Southampton,West Brom,1,2,A,1,1,D,M Jones,10,7,1,3,13,17,8,3,1,3,1,0,1.75,3.7,5.5
4369,38,7,31/12/2016,Swansea,Bournemouth,0,3,A,0,2,A,K Friend,14,11,5,6,14,9,4,3,2,0,0,0,2.9,3.4,2.6
4370,1,14,01/01/2017,Arsenal,Crystal Palace,2,0,H,1,0,H,A Marriner,22,7,7,4,9,7,8,4,1,1,0,0,1.29,5.5,9.5
4371,40,39,01/01/2017,Watford,Tottenham,1,4,A,0,3,A,M Oliver,6,19,2,6,11,6,0,3,3,0,0,0,5.5,3.75,1.62
4372,16,35,02/01/2017,Everton,Southampton,3,0,H,0,0,D,K Friend,17,12,6,3,5,14,10,8,0,1,0,0,2.2,3.4,3.6
4373,25,10,02/01/2017,Man City,Burnley,2,1,H,0,0,D,L Mason,14,11,3,3,11,11,8,8,4,3,1,0,1.17,8.5,19.0
4374,27,22,02/01/2017,Middlesbrough,Leicester,0,0,D,0,0,D,R Madley,9,10,1,4,10,9,2,2,3,0,0,0,2.75,3.2,2.88
4375,37,23,02/01/2017,Sunderland,Liverpool,2,2,D,1,1,D,A Taylor,10,21,5,15,10,10,2,5,2,3,0,0,11.0,5.5,1.33
4376,41,19,02/01/2017,West Brom,Hull,3,1,H,0,1,A,M Clattenburg,8,17,5,6,5,4,7,9,0,0,0,0,1.75,3.7,5.5
4377,42,26,02/01/2017,West Ham,Man United,0,2,A,0,0,D,M Dean,8,13,2,6,9,13,2,1,1,2,1,0,6.0,4.0,1.65
4378,7,1,03/01/2017,Bournemouth,Arsenal,3,3,D,2,0,H,M Oliver,12,14,6,4,10,12,4,7,3,3,1,0,4.33,3.4,1.85
4379,14,38,03/01/2017,Crystal Palace,Swansea,1,2,A,0,1,A,P Tierney,7,11,3,4,13,14,4,5,2,1,0,0,1.75,3.5,4.75
4380,36,40,03/01/2017,Stoke,Watford,2,0,H,1,0,H,N Swarbrick,17,9,5,2,10,15,7,6,1,2,0,0,1.8,3.5,4.5
4381,39,13,04/01/2017,Tottenham,Chelsea,2,0,H,1,0,H,M Atkinson,9,11,2,2,9,8,1,6,3,2,0,0,2.63,3.25,2.63
4382,10,35,14/01/2017,Burnley,Southampton,1,0,H,0,0,D,P Tierney,9,20,3,5,14,14,2,7,1,2,0,0,3.6,3.4,2.2
4383,19,7,14/01/2017,Hull,Bournemouth,3,1,H,1,1,D,M Atkinson,14,8,3,6,13,11,4,5,0,1,0,0,3.3,3.5,2.3
4384,22,13,14/01/2017,Leicester,Chelsea,0,3,A,0,1,A,A Marriner,7,8,2,3,8,9,3,5,1,0,0,0,6.0,4.1,1.62
4385,37,36,14/01/2017,Sunderland,Stoke,1,3,A,1,3,A,M Dean,14,14,3,6,16,11,5,2,3,1,0,0,3.1,3.3,2.5
4386,38,1,14/01/2017,Swansea,Arsenal,0,4,A,0,1,A,M Jones,12,14,3,6,12,8,3,2,2,0,0,0,7.0,4.75,1.5
4387,39,41,14/01/2017,Tottenham,West Brom,4,0,H,2,0,H,A Taylor,21,3,11,0,11,12,8,0,0,2,0,0,1.33,5.5,11.0
4388,40,27,14/01/2017,Watford,Middlesbrough,0,0,D,0,0,D,J Moss,12,5,5,1,15,15,3,1,3,1,0,0,2.5,3.2,3.2
4389,42,14,14/01/2017,West Ham,Crystal Palace,3,0,H,0,0,D,N Swarbrick,14,10,3,1,10,14,2,2,4,2,0,0,2.38,3.4,3.2
4390,16,25,15/01/2017,Everton,Man City,4,0,H,1,0,H,M Clattenburg,6,13,4,5,17,7,3,6,2,2,0,0,4.5,4.0,1.8
4391,26,23,15/01/2017,Man United,Liverpool,1,1,D,0,1,A,M Oliver,9,13,3,4,17,13,5,7,1,3,0,0,2.15,3.4,3.75
4392,7,40,21/01/2017,Bournemouth,Watford,2,2,D,0,1,A,L Mason,15,10,5,3,6,16,9,4,1,1,0,0,1.83,3.75,4.75
4393,14,16,21/01/2017,Crystal Palace,Everton,0,1,A,0,0,D,A Taylor,8,16,2,8,10,15,8,7,0,1,0,0,3.25,3.4,2.38
4394,23,38,21/01/2017,Liverpool,Swansea,2,3,A,0,0,D,K Friend,16,6,5,3,7,7,6,3,1,1,0,0,1.22,7.0,15.0
4395,25,39,21/01/2017,Man City,Tottenham,2,2,D,0,0,D,A Marriner,17,6,7,2,10,7,5,4,2,4,0,0,2.15,3.5,3.6
4396,27,42,21/01/2017,Middlesbrough,West Ham,1,3,A,1,2,A,M Atkinson,11,13,2,5,7,14,7,5,2,1,0,0,2.5,3.2,3.25
4397,36,26,21/01/2017,Stoke,Man United,1,1,D,1,0,H,M Clattenburg,6,25,1,8,12,13,1,7,4,0,0,0,6.0,4.2,1.6
4398,41,37,21/01/2017,West Brom,Sunderland,2,0,H,2,0,H,C Pawson,14,9,5,3,15,12,1,4,1,1,0,0,1.7,3.8,5.75
4399,1,10,22/01/2017,Arsenal,Burnley,2,1,H,0,0,D,J Moss,24,13,8,7,12,11,10,4,1,3,1,0,1.2,7.5,17.0
4400,13,19,22/01/2017,Chelsea,Hull,2,0,H,1,0,H,N Swarbrick,9,9,5,4,12,10,9,7,1,3,0,0,1.18,8.0,19.0
4401,35,22,22/01/2017,Southampton,Leicester,3,0,H,2,0,H,M Oliver,20,11,7,2,8,10,7,2,0,1,0,0,1.83,3.5,5.25
4402,1,40,31/01/2017,Arsenal,Watford,1,2,A,0,2,A,A Marriner,20,10,5,6,12,15,9,5,3,3,0,0,1.22,7.0,15.0
4403,7,14,31/01/2017,Bournemouth,Crystal Palace,0,2,A,0,0,D,J Moss,10,11,2,4,14,23,2,3,0,4,0,0,2.05,3.5,3.9
4404,10,22,31/01/2017,Burnley,Leicester,1,0,H,0,0,D,M Dean,24,13,3,5,4,8,10,2,1,0,0,0,2.9,3.25,2.7
4405,23,13,31/01/2017,Liverpool,Chelsea,1,1,D,0,1,A,M Clattenburg,7,8,3,2,13,8,3,3,2,1,0,0,2.65,3.25,2.9
4406,27,41,31/01/2017,Middlesbrough,West Brom,1,1,D,1,1,D,S Attwell,11,16,3,5,12,13,4,2,2,1,0,0,2.7,3.1,3.0
4407,37,39,31/01/2017,Sunderland,Tottenham,0,0,D,0,0,D,L Mason,3,14,1,3,9,13,2,12,2,1,0,0,9.5,5.25,1.36
4408,38,35,31/01/2017,Swansea,Southampton,2,1,H,1,0,H,R East,11,10,5,2,10,19,5,4,2,0,0,0,3.4,3.4,2.3
4409,26,19,01/02/2017,Man United,Hull,0,0,D,0,0,D,M Jones,15,6,6,2,20,16,7,1,1,4,0,0,1.2,7.5,17.0
4410,36,16,01/02/2017,Stoke,Everton,1,1,D,1,1,D,C Pawson,14,14,7,5,21,12,5,5,1,0,0,0,2.88,3.4,2.63
4411,42,25,01/02/2017,West Ham,Man City,0,4,A,0,3,A,K Friend,6,11,1,4,11,14,2,4,3,3,0,0,6.0,4.5,1.57
4412,13,1,04/02/2017,Chelsea,Arsenal,3,1,H,1,0,H,M Atkinson,13,9,6,5,14,8,10,13,1,1,0,0,1.95,3.6,4.2
4413,14,37,04/02/2017,Crystal Palace,Sunderland,0,4,A,0,4,A,A Marriner,21,10,9,7,8,8,6,1,3,3,0,0,1.7,3.9,5.5
4414,16,7,04/02/2017,Everton,Bournemouth,6,3,H,3,0,H,M Jones,15,18,10,8,14,4,4,8,3,1,0,0,1.7,4.0,5.25
4415,19,23,04/02/2017,Hull,Liverpool,2,0,H,1,0,H,L Mason,7,22,4,5,9,12,1,15,2,1,0,0,8.0,4.75,1.45
4416,35,42,04/02/2017,Southampton,West Ham,1,3,A,1,2,A,G Scott,21,6,7,4,12,15,3,2,0,2,0,0,1.85,3.75,4.5
4417,39,27,04/02/2017,Tottenham,Middlesbrough,1,0,H,0,0,D,M Clattenburg,17,8,5,0,8,11,11,2,0,1,0,0,1.29,6.0,13.0
4418,40,10,04/02/2017,Watford,Burnley,2,1,H,2,0,H,M Oliver,16,11,7,7,12,10,3,6,5,0,0,1,2.15,3.3,3.9
4419,41,36,04/02/2017,West Brom,Stoke,1,0,H,1,0,H,K Friend,16,12,4,2,6,13,5,6,2,2,0,0,2.3,3.25,3.5
4420,22,26,05/02/2017,Leicester,Man United,0,3,A,0,2,A,A Taylor,11,15,1,9,12,13,10,3,2,4,0,0,5.75,4.0,1.65
4421,25,38,05/02/2017,Man City,Swansea,2,1,H,1,0,H,M Dean,17,4,5,2,9,13,10,3,2,3,0,0,1.22,7.0,15.0
4422,1,19,11/02/2017,Arsenal,Hull,2,0,H,1,0,H,M Clattenburg,17,9,7,4,12,9,3,8,3,1,0,1,1.29,6.0,13.0
4423,23,39,11/02/2017,Liverpool,Tottenham,2,0,H,2,0,H,A Taylor,17,7,9,2,14,14,10,3,3,4,0,0,2.3,3.4,3.4
4424,26,40,11/02/2017,Man United,Watford,2,0,H,1,0,H,R Madley,22,9,11,3,10,12,5,1,1,0,0,0,1.25,6.5,14.0
4425,27,16,11/02/2017,Middlesbrough,Everton,0,0,D,0,0,D,M Dean,9,7,3,3,14,9,5,2,2,0,0,0,3.9,3.3,2.15
4426,36,14,11/02/2017,Stoke,Crystal Palace,1,0,H,0,0,D,M Atkinson,7,6,4,1,10,14,5,5,1,3,0,0,2.15,3.3,3.9
4427,37,35,11/02/2017,Sunderland,Southampton,0,4,A,0,2,A,P Tierney,6,15,1,8,12,14,6,2,1,0,0,0,3.9,3.4,2.1
4428,42,41,11/02/2017,West Ham,West Brom,2,2,D,0,1,A,M Oliver,16,8,4,3,7,14,7,5,3,2,0,0,2.25,3.3,3.6
4429,10,13,12/02/2017,Burnley,Chelsea,1,1,D,1,1,D,K Friend,6,13,4,2,12,11,1,1,3,2,0,0,9.0,5.0,1.4
4430,38,22,12/02/2017,Swansea,Leicester,2,0,H,2,0,H,J Moss,10,9,4,1,7,14,7,3,2,2,0,0,2.4,3.3,3.25
4431,7,25,13/02/2017,Bournemouth,Man City,0,2,A,0,1,A,N Swarbrick,5,17,1,5,8,11,3,7,2,3,0,0,7.5,5.0,1.44
4432,13,38,25/02/2017,Chelsea,Swansea,3,1,H,1,1,D,N Swarbrick,16,3,5,2,11,14,8,1,1,3,0,0,1.25,6.5,15.0
4433,14,27,25/02/2017,Crystal Palace,Middlesbrough,1,0,H,1,0,H,R Madley,15,11,3,4,13,15,4,2,3,1,0,0,2.1,3.2,4.2
4434,16,37,25/02/2017,Everton,Sunderland,2,0,H,1,0,H,S Attwell,20,10,8,1,10,16,10,6,0,2,0,0,1.4,5.25,8.5
4435,19,10,25/02/2017,Hull,Burnley,1,1,D,0,0,D,M Atkinson,15,10,1,3,8,13,6,3,1,1,0,1,2.15,3.3,3.9
4436,40,42,25/02/2017,Watford,West Ham,1,1,D,1,0,H,C Pawson,9,13,1,2,18,14,4,6,4,1,0,1,2.63,3.3,2.9
4437,41,7,25/02/2017,West Brom,Bournemouth,2,1,H,2,1,H,M Clattenburg,13,12,4,4,12,5,8,6,2,0,0,0,2.1,3.4,4.0
4438,39,36,26/02/2017,Tottenham,Stoke,4,0,H,4,0,H,J Moss,21,5,9,3,11,14,8,5,2,3,0,0,1.44,5.0,7.5
4439,22,23,27/02/2017,Leicester,Liverpool,3,1,H,2,0,H,M Oliver,13,17,7,7,8,5,5,12,0,0,0,0,5.5,4.2,1.65
4440,22,19,04/03/2017,Leicester,Hull,3,1,H,1,1,D,M Dean,17,10,5,4,12,13,10,4,1,1,0,0,1.85,3.6,4.75
4441,23,1,04/03/2017,Liverpool,Arsenal,3,1,H,2,0,H,R Madley,18,7,7,3,8,15,9,3,1,2,0,0,2.15,3.6,3.6
4442,26,7,04/03/2017,Man United,Bournemouth,1,1,D,1,1,D,K Friend,20,3,7,1,9,11,15,2,3,2,0,1,1.25,6.5,15.0
4443,36,27,04/03/2017,Stoke,Middlesbrough,2,0,H,2,0,H,C Pawson,13,8,8,2,16,20,6,1,1,2,0,0,1.95,3.4,4.5
4444,38,10,04/03/2017,Swansea,Burnley,3,2,H,1,1,D,A Taylor,23,6,10,4,7,13,9,2,2,2,0,0,2.0,3.5,4.2
4445,40,35,04/03/2017,Watford,Southampton,3,4,A,1,2,A,J Moss,16,20,4,11,16,9,6,5,3,2,0,0,3.6,3.4,2.2
4446,41,14,04/03/2017,West Brom,Crystal Palace,0,2,A,0,0,D,M Jones,11,10,1,4,8,12,5,5,0,1,0,0,2.2,3.3,3.8
4447,37,25,05/03/2017,Sunderland,Man City,0,2,A,0,1,A,M Atkinson,11,14,3,7,11,4,6,4,1,0,0,0,11.0,6.5,1.29
4448,39,16,05/03/2017,Tottenham,Everton,3,2,H,1,0,H,M Oliver,20,8,7,4,9,14,7,2,1,2,0,0,1.67,4.2,5.25
4449,42,13,06/03/2017,West Ham,Chelsea,1,2,A,0,1,A,A Marriner,11,9,2,4,8,8,6,4,0,1,0,0,6.0,4.1,1.62
4450,25,36,08/03/2017,Man City,Stoke,0,0,D,0,0,D,N Swarbrick,12,5,1,2,8,11,8,1,1,3,0,0,1.25,6.5,15.0
4451,7,42,11/03/2017,Bournemouth,West Ham,3,2,H,1,1,D,R Madley,21,15,9,7,20,15,5,6,4,2,0,0,2.6,3.5,2.8
4452,16,41,11/03/2017,Everton,West Brom,3,0,H,2,0,H,G Scott,16,5,5,2,8,12,4,6,1,2,0,0,1.67,3.8,6.0
4453,19,38,11/03/2017,Hull,Swansea,2,1,H,0,0,D,A Marriner,15,11,7,3,14,5,2,7,3,1,0,0,2.55,3.3,3.0
4454,23,10,12/03/2017,Liverpool,Burnley,2,1,H,1,1,D,C Pawson,10,11,3,1,12,16,11,1,2,2,0,0,1.25,6.5,14.0
4455,7,38,18/03/2017,Bournemouth,Swansea,2,0,H,1,0,H,M Dean,12,10,6,1,10,9,2,4,0,2,0,0,2.15,3.5,3.6
4456,14,40,18/03/2017,Crystal Palace,Watford,1,0,H,0,0,D,M Atkinson,7,6,0,2,8,15,3,2,0,2,0,0,1.91,3.5,4.75
4457,16,19,18/03/2017,Everton,Hull,4,0,H,1,0,H,P Tierney,14,6,8,0,9,7,5,8,2,0,0,1,1.53,4.33,7.0
4458,36,13,18/03/2017,Stoke,Chelsea,1,2,A,1,1,D,A Taylor,5,20,1,7,16,11,5,11,4,2,1,0,6.5,4.0,1.62
4459,37,10,18/03/2017,Sunderland,Burnley,0,0,D,0,0,D,R Madley,14,17,5,3,14,7,3,5,2,1,0,0,2.55,3.3,3.0
4460,41,1,18/03/2017,West Brom,Arsenal,3,1,H,1,1,D,N Swarbrick,12,11,8,2,5,6,4,5,1,0,0,0,5.25,4.0,1.73
4461,42,22,18/03/2017,West Ham,Leicester,2,3,A,1,3,A,R East,20,11,7,5,10,14,6,5,0,1,0,0,2.3,3.5,3.3
4462,25,23,19/03/2017,Man City,Liverpool,1,1,D,0,0,D,M Oliver,13,13,3,4,14,7,9,8,3,3,0,0,2.0,3.75,3.8
4463,27,26,19/03/2017,Middlesbrough,Man United,1,3,A,0,1,A,J Moss,10,14,3,6,9,8,8,3,1,1,0,0,6.0,3.7,1.7
4464,39,35,19/03/2017,Tottenham,Southampton,2,1,H,2,0,H,A Marriner,12,8,6,3,12,13,5,1,3,3,0,0,1.73,3.8,5.5
4465,10,39,01/04/2017,Burnley,Tottenham,0,2,A,0,0,D,S Attwell,13,19,2,7,9,6,3,7,2,0,0,0,5.75,3.8,1.7
4466,13,14,01/04/2017,Chelsea,Crystal Palace,1,2,A,1,2,A,C Pawson,24,8,11,3,12,14,9,3,3,2,0,0,1.3,5.75,12.0
4467,19,42,01/04/2017,Hull,West Ham,2,1,H,0,1,A,M Jones,7,12,3,4,16,9,5,5,2,2,0,0,2.45,3.4,3.1
4468,22,36,01/04/2017,Leicester,Stoke,2,0,H,1,0,H,L Mason,23,10,10,2,7,11,10,4,1,4,0,0,2.05,3.5,4.0
4469,23,16,01/04/2017,Liverpool,Everton,3,1,H,2,1,H,A Taylor,10,9,6,4,17,10,2,3,1,3,0,0,1.73,3.9,5.25
4470,26,41,01/04/2017,Man United,West Brom,0,0,D,0,0,D,M Dean,18,3,3,1,15,13,6,1,3,3,0,0,1.36,5.0,11.0
4471,35,7,01/04/2017,Southampton,Bournemouth,0,0,D,0,0,D,J Moss,14,12,4,3,14,8,6,3,1,0,0,0,1.65,4.0,6.0
4472,40,37,01/04/2017,Watford,Sunderland,1,0,H,0,0,D,L Probert,23,11,10,3,12,8,13,9,1,3,0,0,1.85,3.6,4.75
4473,1,25,02/04/2017,Arsenal,Man City,2,2,D,1,2,A,A Marriner,8,14,3,5,8,15,3,8,3,2,0,0,3.1,3.75,2.3
4474,38,27,02/04/2017,Swansea,Middlesbrough,0,0,D,0,0,D,R Madley,15,8,3,1,9,16,11,3,2,3,0,0,2.0,3.4,4.33
4475,10,36,04/04/2017,Burnley,Stoke,1,0,H,0,0,D,K Friend,7,15,3,2,9,16,3,5,3,2,0,0,2.5,3.1,3.3
4476,22,37,04/04/2017,Leicester,Sunderland,2,0,H,0,0,D,G Scott,19,15,8,3,12,13,5,6,0,1,0,0,1.45,4.5,8.5
4477,26,16,04/04/2017,Man United,Everton,1,1,D,0,1,A,N Swarbrick,18,11,3,4,10,18,6,5,1,4,0,1,1.57,4.2,6.5
4478,40,41,04/04/2017,Watford,West Brom,2,0,H,1,0,H,P Tierney,9,18,2,2,11,14,5,6,1,4,1,0,2.5,3.2,3.2
4479,1,42,05/04/2017,Arsenal,West Ham,3,0,H,0,0,D,M Atkinson,21,7,8,2,11,5,5,0,2,2,0,0,1.4,5.25,8.0
4480,13,25,05/04/2017,Chelsea,Man City,2,1,H,2,1,H,M Dean,10,17,4,7,10,14,2,9,1,3,0,0,2.4,3.5,3.1
4481,19,27,05/04/2017,Hull,Middlesbrough,4,2,H,3,2,H,M Oliver,17,12,5,4,13,12,8,4,2,1,0,0,2.05,3.3,4.2
4482,23,7,05/04/2017,Liverpool,Bournemouth,2,2,D,1,1,D,L Mason,20,7,8,2,11,8,7,2,1,1,0,0,1.36,5.25,9.5
4483,35,14,05/04/2017,Southampton,Crystal Palace,3,1,H,1,1,D,R East,25,17,9,3,16,11,11,11,2,1,0,0,1.83,3.7,4.75
4484,38,39,05/04/2017,Swansea,Tottenham,1,3,A,1,0,H,J Moss,4,18,1,8,7,8,5,7,1,1,0,0,5.0,4.0,1.73
4485,7,13,08/04/2017,Bournemouth,Chelsea,1,3,A,1,2,A,A Marriner,12,15,1,5,7,11,4,4,2,3,0,0,6.5,4.0,1.6
4486,25,19,08/04/2017,Man City,Hull,3,1,H,1,0,H,J Moss,23,6,7,1,6,8,7,3,0,2,0,0,1.2,7.5,17.0
4487,27,10,08/04/2017,Middlesbrough,Burnley,0,0,D,0,0,D,M Atkinson,12,7,5,2,9,12,4,3,0,3,0,0,2.45,3.1,3.4
4488,36,23,08/04/2017,Stoke,Liverpool,1,2,A,1,0,H,M Dean,9,14,4,4,7,11,5,8,0,2,0,0,4.0,3.75,1.95
4489,39,40,08/04/2017,Tottenham,Watford,4,0,H,3,0,H,A Taylor,19,8,6,2,12,12,7,5,0,1,0,0,1.25,6.5,15.0
4490,41,35,08/04/2017,West Brom,Southampton,0,1,A,0,1,A,C Kavanagh,17,10,6,3,12,12,7,3,2,2,0,0,3.0,3.3,2.55
4491,42,38,08/04/2017,West Ham,Swansea,1,0,H,1,0,H,K Friend,14,4,6,1,12,12,4,3,5,1,0,0,2.1,3.6,3.7
4492,16,22,09/04/2017,Everton,Leicester,4,2,H,3,2,H,R Madley,12,6,7,4,8,15,4,6,2,2,0,0,1.75,3.9,5.0
4493,37,26,09/04/2017,Sunderland,Man United,0,3,A,0,1,A,C Pawson,9,18,4,9,14,20,4,5,1,5,1,0,10.0,5.25,1.36
4494,14,1,10/04/2017,Crystal Palace,Arsenal,3,0,H,1,0,H,M Oliver,17,11,6,3,11,10,5,8,0,1,0,0,4.5,3.9,1.83
4495,14,22,15/04/2017,Crystal Palace,Leicester,2,2,D,0,1,A,M Dean,15,6,4,2,10,16,8,5,0,2,0,0,1.73,3.6,4.75
4496,16,10,15/04/2017,Everton,Burnley,3,1,H,0,0,D,M Clattenburg,29,13,7,6,15,14,6,7,2,0,0,0,1.4,4.5,8.0
4497,35,25,15/04/2017,Southampton,Man City,0,3,A,0,0,D,N Swarbrick,8,18,1,5,9,8,3,8,3,0,0,0,4.33,4.0,1.73
4498,36,19,15/04/2017,Stoke,Hull,3,1,H,1,0,H,S Attwell,14,14,4,3,12,5,3,7,0,2,0,0,1.95,3.3,4.0
4499,37,42,15/04/2017,Sunderland,West Ham,2,2,D,1,1,D,A Marriner,14,7,4,3,14,10,8,1,1,0,0,1,3.3,3.25,2.2
4500,39,7,15/04/2017,Tottenham,Bournemouth,4,0,H,2,0,H,M Oliver,24,5,14,1,8,10,13,1,0,1,0,0,1.25,6.0,10.0
4501,40,38,15/04/2017,Watford,Swansea,1,0,H,1,0,H,L Mason,15,13,7,4,8,13,6,2,0,0,0,0,2.4,3.3,2.9
4502,26,13,16/04/2017,Man United,Chelsea,2,0,H,1,0,H,R Madley,9,5,3,0,16,20,1,3,3,3,0,0,2.55,3.2,2.8
4503,41,23,16/04/2017,West Brom,Liverpool,0,1,A,0,1,A,J Moss,7,15,2,2,15,9,4,4,3,1,0,0,4.0,3.8,1.8
4504,27,1,17/04/2017,Middlesbrough,Arsenal,1,2,A,0,1,A,A Taylor,13,12,5,4,11,16,2,4,2,2,0,0,7.0,4.0,1.5
4505,7,27,22/04/2017,Bournemouth,Middlesbrough,4,0,H,2,0,H,G Scott,20,5,10,2,4,14,4,3,0,2,0,1,1.85,3.75,4.5
4506,19,40,22/04/2017,Hull,Watford,2,0,H,0,0,D,R Madley,8,13,3,2,10,11,4,7,3,1,1,0,1.91,3.7,4.33
4507,38,36,22/04/2017,Swansea,Stoke,2,0,H,1,0,H,M Oliver,10,9,6,3,5,14,11,4,2,2,0,0,2.2,3.4,3.6
4508,42,16,22/04/2017,West Ham,Everton,0,0,D,0,0,D,R East,15,4,3,0,9,15,8,4,2,3,0,0,3.3,3.6,2.25
4509,10,26,23/04/2017,Burnley,Man United,0,2,A,0,2,A,A Taylor,8,12,0,6,17,16,3,3,2,1,0,0,5.75,4.0,1.67
4510,23,14,23/04/2017,Liverpool,Crystal Palace,1,2,A,1,1,D,A Marriner,14,7,1,3,8,10,4,3,1,2,0,0,1.5,4.75,7.0
4511,13,35,25/04/2017,Chelsea,Southampton,4,2,H,2,1,H,L Mason,17,12,7,4,13,9,6,7,2,2,0,0,1.45,4.6,8.5
4512,1,22,26/04/2017,Arsenal,Leicester,1,0,H,0,0,D,M Jones,12,7,5,3,9,13,12,1,2,4,0,0,1.6,4.5,5.75
4513,14,39,26/04/2017,Crystal Palace,Tottenham,0,1,A,0,0,D,J Moss,6,18,1,4,13,15,2,11,3,3,0,0,5.5,4.2,1.65
4514,27,37,26/04/2017,Middlesbrough,Sunderland,1,0,H,1,0,H,M Dean,6,10,2,4,15,11,3,5,3,3,0,0,2.3,3.4,3.4
4515,25,26,27/04/2017,Man City,Man United,0,0,D,0,0,D,M Atkinson,19,3,6,1,10,8,7,4,1,0,0,1,1.91,3.75,4.2
4516,14,10,29/04/2017,Crystal Palace,Burnley,0,2,A,0,1,A,R Madley,15,9,5,3,11,12,14,4,2,0,0,0,1.75,3.5,4.75
4517,35,19,29/04/2017,Southampton,Hull,0,0,D,0,0,D,M Dean,11,9,2,1,9,13,6,6,0,3,0,0,1.6,3.75,5.75
4518,36,42,29/04/2017,Stoke,West Ham,0,0,D,0,0,D,L Probert,19,12,4,4,12,3,5,3,1,0,0,0,2.0,3.5,3.6
4519,37,7,29/04/2017,Sunderland,Bournemouth,0,1,A,0,0,D,S Attwell,17,15,5,7,13,9,6,5,3,2,0,0,3.0,3.4,2.3
4520,41,22,29/04/2017,West Brom,Leicester,0,1,A,0,1,A,M Clattenburg,16,6,4,1,14,9,5,6,2,2,0,0,2.4,3.5,2.75
4521,16,13,30/04/2017,Everton,Chelsea,0,3,A,0,0,D,J Moss,12,11,4,5,13,11,2,4,3,4,0,0,3.5,3.6,2.0
4522,26,38,30/04/2017,Man United,Swansea,1,1,D,1,0,H,N Swarbrick,12,12,6,4,11,13,5,2,2,2,0,0,1.36,4.75,8.0
4523,27,25,30/04/2017,Middlesbrough,Man City,2,2,D,1,0,H,K Friend,14,22,6,4,9,9,4,11,4,4,0,0,13.0,5.25,1.25
4524,39,1,30/04/2017,Tottenham,Arsenal,2,0,H,0,0,D,M Oliver,20,12,11,4,7,15,14,5,1,3,0,0,1.85,3.75,4.0
4525,40,23,01/05/2017,Watford,Liverpool,0,1,A,0,1,A,C Pawson,9,12,2,8,11,9,3,5,3,1,0,0,5.75,4.5,1.5
4526,42,39,05/05/2017,West Ham,Tottenham,1,0,H,0,0,D,A Taylor,13,11,5,5,8,9,3,7,4,2,0,0,8.5,5.25,1.4
4527,7,36,06/05/2017,Bournemouth,Stoke,2,2,D,0,1,A,P Tierney,12,14,2,3,10,15,0,7,2,0,0,0,2.25,3.6,3.3
4528,10,41,06/05/2017,Burnley,West Brom,2,2,D,0,0,D,M Jones,14,11,4,3,9,14,5,8,1,3,0,0,2.25,3.3,3.6
4529,19,37,06/05/2017,Hull,Sunderland,0,2,A,0,0,D,N Swarbrick,16,12,6,5,10,8,7,4,3,1,0,0,1.44,4.75,8.0
4530,22,40,06/05/2017,Leicester,Watford,3,0,H,1,0,H,R East,11,14,5,7,8,10,10,1,0,0,0,0,1.57,4.2,6.5
4531,25,14,06/05/2017,Man City,Crystal Palace,5,0,H,1,0,H,M Oliver,26,5,12,2,12,8,9,3,1,3,0,0,1.29,6.5,11.0
4532,38,16,06/05/2017,Swansea,Everton,1,0,H,1,0,H,M Atkinson,9,8,4,2,5,13,9,5,0,0,0,0,2.8,3.5,2.63
4533,1,26,07/05/2017,Arsenal,Man United,2,0,H,0,0,D,A Marriner,9,10,4,4,14,10,5,9,1,0,0,0,1.91,3.7,4.33
4534,23,35,07/05/2017,Liverpool,Southampton,0,0,D,0,0,D,R Madley,17,4,8,0,9,4,3,6,1,3,0,0,1.62,4.2,6.0
4535,13,27,08/05/2017,Chelsea,Middlesbrough,3,0,H,2,0,H,C Pawson,21,2,7,1,8,21,8,1,0,2,0,0,1.17,9.0,19.0
4536,35,1,10/05/2017,Southampton,Arsenal,0,2,A,0,0,D,J Moss,14,11,3,4,5,5,8,5,1,2,0,0,3.6,3.8,2.05
4537,16,40,12/05/2017,Everton,Watford,1,0,H,0,0,D,K Friend,15,14,6,2,7,11,9,8,0,3,0,0,1.5,4.5,7.5
4538,41,13,12/05/2017,West Brom,Chelsea,0,1,A,0,0,D,M Oliver,7,24,2,5,13,8,5,8,3,0,0,0,10.0,5.25,1.36
4539,7,10,13/05/2017,Bournemouth,Burnley,2,1,H,1,0,H,L Probert,18,14,6,3,6,11,7,1,0,1,0,0,1.91,3.75,4.2
4540,25,22,13/05/2017,Man City,Leicester,2,1,H,2,1,H,R Madley,17,9,5,4,12,16,9,3,3,3,0,0,1.25,7.0,12.0
4541,27,35,13/05/2017,Middlesbrough,Southampton,1,2,A,0,1,A,A Taylor,14,14,3,4,19,11,6,3,3,0,0,0,4.0,3.6,2.0
4542,36,1,13/05/2017,Stoke,Arsenal,1,4,A,0,1,A,M Dean,10,10,4,6,13,7,7,6,1,2,0,0,4.75,4.1,1.75
4543,37,38,13/05/2017,Sunderland,Swansea,0,2,A,0,2,A,A Marriner,13,3,4,3,13,6,8,4,4,0,0,0,4.2,3.8,1.91
4544,14,19,14/05/2017,Crystal Palace,Hull,4,0,H,2,0,H,M Atkinson,12,9,4,0,13,14,3,7,3,5,0,0,2.1,3.6,3.75
4545,39,26,14/05/2017,Tottenham,Man United,2,1,H,1,0,H,J Moss,14,8,7,2,14,15,8,3,1,2,0,0,1.73,3.9,5.25
4546,42,23,14/05/2017,West Ham,Liverpool,0,4,A,0,1,A,N Swarbrick,10,26,3,11,5,10,4,6,2,0,0,0,5.25,4.0,1.7
4547,13,40,15/05/2017,Chelsea,Watford,4,3,H,2,1,H,L Mason,24,9,9,3,7,12,8,3,2,4,0,1,1.25,6.75,13.0
4548,1,37,16/05/2017,Arsenal,Sunderland,2,0,H,0,0,D,R East,36,6,13,2,15,10,17,3,4,2,0,0,1.09,13.0,29.0
4549,25,41,16/05/2017,Man City,West Brom,3,1,H,2,0,H,C Pawson,21,5,10,2,8,11,7,1,1,2,0,0,1.14,9.0,23.0
4550,35,26,17/05/2017,Southampton,Man United,0,0,D,0,0,D,M Dean,17,11,6,1,7,10,7,3,2,1,0,0,2.75,3.3,2.8
4551,22,39,18/05/2017,Leicester,Tottenham,1,6,A,0,2,A,M Oliver,12,26,5,12,11,8,4,4,3,1,0,0,4.5,3.8,1.85
4552,1,16,21/05/2017,Arsenal,Everton,3,1,H,2,0,H,M Oliver,17,22,9,7,10,15,4,6,2,4,1,0,1.45,5.0,7.5
4553,10,42,21/05/2017,Burnley,West Ham,1,2,A,1,1,D,R Madley,9,14,1,4,11,14,2,5,2,2,0,0,2.45,3.5,3.0
4554,13,37,21/05/2017,Chelsea,Sunderland,5,1,H,1,1,D,N Swarbrick,28,7,8,3,8,15,11,1,1,1,0,0,1.14,9.0,23.0
4555,19,39,21/05/2017,Hull,Tottenham,1,7,A,0,3,A,A Marriner,10,19,4,14,14,5,2,3,0,0,0,0,7.0,4.75,1.5
4556,22,7,21/05/2017,Leicester,Bournemouth,1,1,D,0,1,A,l Mason,21,10,5,4,11,10,9,1,4,1,0,0,2.0,3.6,4.0
4557,23,27,21/05/2017,Liverpool,Middlesbrough,3,0,H,1,0,H,M Atkinson,25,9,10,3,13,8,3,3,0,1,0,0,1.14,9.0,23.0
4558,26,14,21/05/2017,Man United,Crystal Palace,2,0,H,2,0,H,A Taylor,9,6,2,1,16,10,3,6,2,0,0,0,2.5,3.3,3.1
4559,35,36,21/05/2017,Southampton,Stoke,0,1,A,0,0,D,L Probert,14,14,6,3,12,10,4,10,2,4,0,0,1.8,3.8,4.75
4560,38,41,21/05/2017,Swansea,West Brom,2,1,H,0,1,A,M Dean,12,16,2,5,8,10,7,4,1,1,0,0,2.1,3.5,3.75
4561,40,25,21/05/2017,Watford,Man City,0,5,A,0,4,A,J Moss,6,15,3,9,12,10,4,5,1,0,0,0,11.0,6.0,1.3
