homeTeamID,awayTeamID,MatchID,Date,HomeTeam,AwayTeam,FTHG,FTAG,FTR,HTHG,HTAG,HTR,Referee,HS,AS,HST,AST,HF,AF,HC,AC,HY,AY,HR,AR,B365H,B365D,B365A
22.0,44.0,6087,14/08/2021,Leicester,Wolves,1.0,0.0,H,1.0,0.0,H,C Pawson,9.0,17.0,5.0,3.0,6.0,10.0,5.0,4.0,1.0,2.0,0.0,0.0,1.66,3.8,5.25
42.0,22.0,6101,23/08/2021,West Ham,Leicester,4.0,1.0,H,1.0,0.0,H,M Oliver,13.0,5.0,7.0,1.0,8.0,8.0,10.0,0.0,0.0,1.0,0.0,1.0,2.5,3.5,2.75
29.0,22.0,6106,28/08/2021,Norwich,Leicester,1.0,2.0,A,1.0,1.0,D,R Jones,14.0,9.0,4.0,3.0,8.0,9.0,9.0,9.0,2.0,1.0,0.0,0.0,4.5,3.5,1.85
22.0,25.0,6115,11/09/2021,Leicester,Man City,0.0,1.0,A,0.0,0.0,D,P Tierney,6.0,25.0,1.0,8.0,4.0,11.0,5.0,8.0,1.0,2.0,0.0,0.0,6.0,4.0,1.57
9.0,22.0,6129,19/09/2021,Brighton,Leicester,2.0,1.0,H,1.0,0.0,H,S Attwell,12.0,14.0,5.0,3.0,8.0,10.0,4.0,9.0,2.0,1.0,0.0,0.0,2.7,3.2,2.75
22.0,10.0,6136,25/09/2021,Leicester,Burnley,2.0,2.0,D,1.0,2.0,A,C Kavanagh,22.0,9.0,5.0,3.0,10.0,8.0,8.0,4.0,2.0,4.0,0.0,0.0,1.57,4.0,6.0
14.0,22.0,6148,03/10/2021,Crystal Palace,Leicester,2.0,2.0,D,0.0,2.0,A,A Taylor,18.0,9.0,4.0,5.0,15.0,11.0,1.0,3.0,2.0,3.0,0.0,0.0,3.1,3.4,2.3
22.0,26.0,6154,16/10/2021,Leicester,Man United,4.0,2.0,H,1.0,1.0,D,C Pawson,22.0,18.0,11.0,6.0,5.0,17.0,4.0,3.0,0.0,3.0,0.0,0.0,3.5,3.6,2.05
8.0,22.0,6169,24/10/2021,Brentford,Leicester,1.0,2.0,A,0.0,1.0,A,S Hooper,15.0,10.0,5.0,6.0,13.0,7.0,9.0,2.0,1.0,1.0,0.0,0.0,2.62,3.3,2.7
22.0,1.0,6172,30/10/2021,Leicester,Arsenal,0.0,2.0,A,0.0,2.0,A,M Oliver,16.0,9.0,8.0,5.0,8.0,11.0,7.0,6.0,2.0,0.0,0.0,0.0,2.4,3.5,2.87
21.0,22.0,6190,07/11/2021,Leeds,Leicester,1.0,1.0,D,1.0,1.0,D,D England,18.0,9.0,5.0,3.0,12.0,5.0,10.0,5.0,1.0,1.0,0.0,0.0,2.8,3.5,2.45
22.0,13.0,6192,20/11/2021,Leicester,Chelsea,0.0,3.0,A,0.0,2.0,A,P Tierney,4.0,16.0,3.0,7.0,15.0,8.0,3.0,5.0,3.0,1.0,0.0,0.0,4.75,3.75,1.75
22.0,40.0,6208,28/11/2021,Leicester,Watford,4.0,2.0,H,3.0,1.0,H,A Madley,18.0,16.0,8.0,5.0,5.0,19.0,8.0,6.0,0.0,0.0,0.0,0.0,1.61,4.0,5.5
35.0,22.0,6213,01/12/2021,Southampton,Leicester,2.0,2.0,D,2.0,1.0,H,R Jones,15.0,15.0,7.0,6.0,14.0,11.0,2.0,4.0,1.0,3.0,0.0,0.0,2.37,3.5,2.87
2.0,22.0,6229,05/12/2021,Aston Villa,Leicester,2.0,1.0,H,1.0,1.0,D,M Oliver,13.0,12.0,4.0,5.0,8.0,25.0,3.0,6.0,1.0,1.0,0.0,0.0,2.37,3.4,3.0
22.0,28.0,6238,12/12/2021,Leicester,Newcastle,4.0,0.0,H,1.0,0.0,H,P Bankes,8.0,12.0,5.0,3.0,9.0,16.0,4.0,6.0,2.0,3.0,0.0,0.0,1.66,4.1,4.75
25.0,22.0,6251,26/12/2021,Man City,Leicester,6.0,3.0,H,4.0,0.0,H,C Kavanagh,17.0,14.0,9.0,8.0,11.0,9.0,14.0,4.0,1.0,2.0,0.0,0.0,1.18,7.5,13.0
22.0,23.0,6261,28/12/2021,Leicester,Liverpool,1.0,0.0,H,0.0,0.0,D,M Oliver,6.0,21.0,1.0,4.0,8.0,11.0,1.0,12.0,0.0,1.0,0.0,0.0,8.0,5.5,1.33
22.0,39.0,6284,19/01/2022,Leicester,Tottenham,2.0,3.0,A,1.0,1.0,D,J Moss,14.0,27.0,4.0,10.0,6.0,12.0,3.0,8.0,1.0,2.0,0.0,0.0,3.0,3.5,2.3
22.0,9.0,6294,23/01/2022,Leicester,Brighton,1.0,1.0,D,0.0,0.0,D,M Atkinson,15.0,14.0,5.0,5.0,6.0,8.0,4.0,5.0,0.0,1.0,0.0,0.0,2.5,3.25,2.9
23.0,22.0,6304,10/02/2022,Liverpool,Leicester,2.0,0.0,H,1.0,0.0,H,C Kavanagh,22.0,5.0,11.0,1.0,11.0,7.0,7.0,6.0,1.0,0.0,0.0,0.0,1.25,6.5,10.0
22.0,42.0,6314,13/02/2022,Leicester,West Ham,2.0,2.0,D,1.0,1.0,D,M Oliver,13.0,8.0,2.0,3.0,10.0,9.0,5.0,4.0,1.0,2.0,0.0,0.0,2.9,3.5,2.3
44.0,22.0,6325,20/02/2022,Wolves,Leicester,2.0,1.0,H,1.0,1.0,D,C Pawson,11.0,17.0,3.0,7.0,12.0,9.0,7.0,10.0,4.0,4.0,0.0,0.0,2.25,3.3,3.25
10.0,22.0,6338,01/03/2022,Burnley,Leicester,0.0,2.0,A,0.0,0.0,D,C Kavanagh,9.0,22.0,2.0,6.0,10.0,13.0,6.0,8.0,1.0,1.0,0.0,0.0,2.9,3.4,2.4
22.0,21.0,6339,05/03/2022,Leicester,Leeds,1.0,0.0,H,0.0,0.0,D,D Coote,7.0,19.0,4.0,4.0,9.0,12.0,5.0,10.0,1.0,2.0,0.0,0.0,1.75,4.0,4.2
1.0,22.0,6361,13/03/2022,Arsenal,Leicester,2.0,0.0,H,1.0,0.0,H,A Taylor,21.0,6.0,8.0,3.0,8.0,10.0,2.0,6.0,0.0,3.0,0.0,0.0,1.5,4.5,6.0
22.0,8.0,6368,20/03/2022,Leicester,Brentford,2.0,1.0,H,2.0,0.0,H,D England,12.0,15.0,4.0,6.0,10.0,10.0,2.0,5.0,1.0,2.0,0.0,0.0,2.15,3.4,3.4
26.0,22.0,6376,02/04/2022,Man United,Leicester,1.0,1.0,D,0.0,0.0,D,A Marriner,11.0,11.0,5.0,3.0,13.0,6.0,6.0,5.0,2.0,2.0,0.0,0.0,1.5,4.5,6.0
22.0,14.0,6388,10/04/2022,Leicester,Crystal Palace,2.0,1.0,H,2.0,0.0,H,R Jones,12.0,11.0,3.0,3.0,11.0,12.0,3.0,4.0,1.0,1.0,0.0,0.0,2.37,3.3,2.9
28.0,22.0,6395,17/04/2022,Newcastle,Leicester,2.0,1.0,H,1.0,1.0,D,J Gillett,16.0,8.0,7.0,2.0,10.0,10.0,3.0,5.0,2.0,2.0,0.0,0.0,2.2,3.4,3.3
16.0,22.0,6399,20/04/2022,Everton,Leicester,1.0,1.0,D,0.0,1.0,A,D Coote,13.0,11.0,3.0,3.0,8.0,17.0,5.0,4.0,3.0,1.0,0.0,0.0,2.25,3.4,3.25
22.0,2.0,6404,23/04/2022,Leicester,Aston Villa,0.0,0.0,D,0.0,0.0,D,A Madley,5.0,11.0,2.0,3.0,15.0,16.0,7.0,6.0,3.0,2.0,0.0,0.0,2.8,3.4,2.5
39.0,22.0,6421,01/05/2022,Tottenham,Leicester,3.0,1.0,H,1.0,0.0,H,J Moss,13.0,6.0,7.0,2.0,13.0,8.0,7.0,3.0,2.0,3.0,0.0,0.0,1.44,4.75,7.0
22.0,16.0,6431,08/05/2022,Leicester,Everton,1.0,2.0,A,1.0,2.0,A,C Pawson,16.0,10.0,9.0,4.0,11.0,6.0,6.0,1.0,3.0,0.0,0.0,0.0,2.6,3.3,2.75
22.0,29.0,6436,11/05/2022,Leicester,Norwich,3.0,0.0,H,0.0,0.0,D,S Hooper,20.0,9.0,8.0,5.0,10.0,5.0,10.0,2.0,0.0,0.0,0.0,0.0,1.44,4.75,7.0
40.0,22.0,6443,15/05/2022,Watford,Leicester,1.0,5.0,A,1.0,2.0,A,J Gillett,13.0,13.0,5.0,7.0,4.0,6.0,7.0,3.0,0.0,1.0,0.0,0.0,3.8,3.5,1.95
13.0,22.0,6451,19/05/2022,Chelsea,Leicester,1.0,1.0,D,1.0,1.0,D,S Attwell,20.0,2.0,7.0,1.0,13.0,7.0,6.0,0.0,4.0,1.0,0.0,0.0,1.4,4.75,8.0
22.0,35.0,6458,22/05/2022,Leicester,Southampton,4.0,1.0,H,0.0,0.0,D,J Moss,12.0,7.0,6.0,2.0,10.0,5.0,3.0,3.0,0.0,1.0,0.0,0.0,1.85,4.0,3.8
26.0,22.0,4942,10/08/2018,Man United,Leicester,2.0,1.0,H,1.0,0.0,H,A Marriner,8.0,13.0,6.0,4.0,11.0,8.0,2.0,5.0,2.0,1.0,0.0,0.0,1.57,3.9,7.5
22.0,44.0,4955,18/08/2018,Leicester,Wolves,2.0,0.0,H,2.0,0.0,H,M Dean,6.0,11.0,2.0,3.0,10.0,8.0,1.0,9.0,2.0,1.0,1.0,0.0,2.04,3.5,3.9
35.0,22.0,4966,25/08/2018,Southampton,Leicester,1.0,2.0,A,0.0,0.0,D,J Moss,11.0,8.0,5.0,5.0,13.0,11.0,10.0,3.0,1.0,1.0,1.0,0.0,2.45,3.2,3.25
22.0,23.0,4976,01/09/2018,Leicester,Liverpool,1.0,2.0,A,0.0,2.0,A,P Tierney,12.0,10.0,5.0,4.0,9.0,12.0,4.0,4.0,3.0,2.0,0.0,0.0,7.5,5.0,1.44
7.0,22.0,4982,15/09/2018,Bournemouth,Leicester,4.0,2.0,H,3.0,0.0,H,C Pawson,10.0,14.0,5.0,8.0,13.0,15.0,4.0,6.0,3.0,2.0,0.0,1.0,2.45,3.5,3.0
22.0,18.0,4997,22/09/2018,Leicester,Huddersfield,3.0,1.0,H,1.0,1.0,D,D Coote,18.0,9.0,8.0,2.0,10.0,16.0,3.0,1.0,2.0,1.0,0.0,0.0,1.61,4.0,6.5
28.0,22.0,5007,29/09/2018,Newcastle,Leicester,0.0,2.0,A,0.0,1.0,A,S Hooper,6.0,12.0,1.0,5.0,11.0,5.0,5.0,9.0,0.0,0.0,0.0,0.0,2.6,3.3,3.0
22.0,16.0,5015,06/10/2018,Leicester,Everton,1.0,2.0,A,1.0,1.0,D,A Marriner,8.0,17.0,2.0,8.0,10.0,11.0,2.0,10.0,2.0,1.0,1.0,0.0,2.2,3.4,3.6
1.0,22.0,5031,22/10/2018,Arsenal,Leicester,3.0,1.0,H,1.0,1.0,D,C Kavanagh,19.0,8.0,6.0,2.0,10.0,10.0,6.0,4.0,2.0,2.0,0.0,0.0,1.53,4.5,6.5
22.0,42.0,5034,27/10/2018,Leicester,West Ham,1.0,1.0,D,0.0,1.0,A,M Oliver,21.0,11.0,7.0,3.0,17.0,5.0,8.0,0.0,1.0,1.0,0.0,1.0,2.1,3.5,3.8
11.0,22.0,5044,03/11/2018,Cardiff,Leicester,0.0,1.0,A,0.0,0.0,D,L Probert,11.0,13.0,2.0,5.0,13.0,12.0,6.0,12.0,2.0,2.0,0.0,0.0,3.8,3.4,2.14
22.0,10.0,5055,10/11/2018,Leicester,Burnley,0.0,0.0,D,0.0,0.0,D,M Dean,22.0,6.0,5.0,1.0,13.0,10.0,12.0,1.0,2.0,0.0,0.0,0.0,1.5,4.33,8.0
9.0,22.0,5062,24/11/2018,Brighton,Leicester,1.0,1.0,D,1.0,0.0,H,C Kavanagh,14.0,8.0,3.0,3.0,10.0,7.0,6.0,1.0,3.0,1.0,0.0,1.0,2.9,3.4,2.6
22.0,40.0,5075,01/12/2018,Leicester,Watford,2.0,0.0,H,2.0,0.0,H,G Scott,7.0,8.0,3.0,0.0,7.0,6.0,4.0,8.0,2.0,1.0,0.0,1.0,2.25,3.3,3.6
17.0,22.0,5088,05/12/2018,Fulham,Leicester,1.0,1.0,D,1.0,0.0,H,D Coote,25.0,13.0,7.0,5.0,12.0,7.0,10.0,8.0,0.0,0.0,0.0,0.0,3.0,3.5,2.45
22.0,39.0,5097,08/12/2018,Leicester,Tottenham,0.0,2.0,A,0.0,1.0,A,C Pawson,11.0,7.0,3.0,2.0,12.0,7.0,6.0,5.0,3.0,1.0,0.0,0.0,3.8,3.75,2.0
14.0,22.0,5102,15/12/2018,Crystal Palace,Leicester,1.0,0.0,H,1.0,0.0,H,M Oliver,8.0,12.0,1.0,2.0,10.0,8.0,4.0,4.0,2.0,1.0,0.0,0.0,2.62,3.2,3.0
13.0,22.0,5116,22/12/2018,Chelsea,Leicester,0.0,1.0,A,0.0,0.0,D,L Probert,17.0,8.0,5.0,3.0,10.0,9.0,9.0,5.0,0.0,2.0,0.0,0.0,1.33,5.5,11.0
22.0,25.0,5126,26/12/2018,Leicester,Man City,2.0,1.0,H,1.0,1.0,D,M Dean,10.0,11.0,5.0,4.0,5.0,8.0,3.0,7.0,2.0,2.0,0.0,1.0,9.5,5.25,1.36
22.0,11.0,5134,29/12/2018,Leicester,Cardiff,0.0,1.0,A,0.0,0.0,D,S Hooper,16.0,12.0,7.0,3.0,14.0,16.0,10.0,4.0,0.0,2.0,0.0,0.0,1.55,4.0,6.0
16.0,22.0,5144,01/01/2019,Everton,Leicester,0.0,1.0,A,0.0,0.0,D,M Atkinson,17.0,8.0,2.0,4.0,5.0,8.0,6.0,5.0,3.0,1.0,0.0,0.0,2.0,3.5,4.2
22.0,35.0,5157,12/01/2019,Leicester,Southampton,1.0,2.0,A,0.0,2.0,A,M Oliver,23.0,8.0,6.0,3.0,7.0,9.0,10.0,3.0,2.0,1.0,0.0,1.0,1.95,3.5,4.33
44.0,22.0,5169,19/01/2019,Wolves,Leicester,4.0,3.0,H,2.0,0.0,H,C Kavanagh,12.0,16.0,7.0,6.0,11.0,10.0,5.0,9.0,3.0,3.0,0.0,0.0,2.37,3.2,3.4
23.0,22.0,5179,30/01/2019,Liverpool,Leicester,1.0,1.0,D,1.0,1.0,D,M Atkinson,10.0,5.0,3.0,2.0,13.0,6.0,7.0,1.0,1.0,3.0,0.0,0.0,1.22,7.0,15.0
22.0,26.0,5189,03/02/2019,Leicester,Man United,0.0,1.0,A,0.0,1.0,A,M Dean,17.0,10.0,6.0,6.0,14.0,9.0,7.0,2.0,4.0,4.0,0.0,0.0,3.6,3.5,2.15
39.0,22.0,5201,10/02/2019,Tottenham,Leicester,3.0,1.0,H,1.0,0.0,H,M Oliver,12.0,20.0,5.0,9.0,11.0,4.0,2.0,9.0,3.0,1.0,0.0,0.0,1.7,3.9,5.5
22.0,14.0,5207,23/02/2019,Leicester,Crystal Palace,1.0,4.0,A,0.0,1.0,A,A Taylor,27.0,7.0,5.0,5.0,7.0,14.0,8.0,3.0,2.0,1.0,0.0,0.0,2.25,3.4,3.5
22.0,9.0,5213,26/02/2019,Leicester,Brighton,2.0,1.0,H,1.0,0.0,H,L Probert,19.0,15.0,3.0,3.0,6.0,4.0,4.0,8.0,1.0,1.0,0.0,0.0,1.9,3.5,4.6
40.0,22.0,5230,03/03/2019,Watford,Leicester,2.0,1.0,H,1.0,0.0,H,J Moss,6.0,14.0,5.0,2.0,15.0,12.0,1.0,5.0,5.0,1.0,0.0,0.0,2.55,3.3,3.0
22.0,17.0,5234,09/03/2019,Leicester,Fulham,3.0,1.0,H,1.0,0.0,H,D Coote,18.0,6.0,8.0,3.0,9.0,13.0,6.0,5.0,0.0,2.0,0.0,0.0,1.57,4.5,6.0
10.0,22.0,5242,16/03/2019,Burnley,Leicester,1.0,2.0,A,1.0,1.0,D,M Oliver,13.0,9.0,2.0,4.0,9.0,10.0,9.0,3.0,1.0,1.0,0.0,1.0,3.1,3.4,2.45
22.0,7.0,5250,30/03/2019,Leicester,Bournemouth,2.0,0.0,H,1.0,0.0,H,L Mason,18.0,8.0,4.0,2.0,6.0,12.0,6.0,1.0,0.0,2.0,0.0,0.0,1.85,3.8,4.5
18.0,22.0,5263,06/04/2019,Huddersfield,Leicester,1.0,4.0,A,0.0,1.0,A,D Coote,10.0,18.0,4.0,9.0,13.0,11.0,8.0,5.0,3.0,0.0,0.0,0.0,5.0,4.0,1.72
22.0,28.0,5267,12/04/2019,Leicester,Newcastle,0.0,1.0,A,0.0,1.0,A,C Kavanagh,12.0,11.0,5.0,5.0,6.0,10.0,2.0,3.0,2.0,3.0,0.0,0.0,1.66,4.0,5.75
42.0,22.0,5282,20/04/2019,West Ham,Leicester,2.0,2.0,D,1.0,0.0,H,L Probert,11.0,11.0,3.0,5.0,8.0,9.0,6.0,8.0,2.0,0.0,0.0,0.0,3.3,3.5,2.3
22.0,1.0,5300,28/04/2019,Leicester,Arsenal,3.0,0.0,H,0.0,0.0,D,M Oliver,24.0,6.0,12.0,1.0,13.0,13.0,8.0,6.0,3.0,1.0,0.0,1.0,2.75,3.6,2.6
25.0,22.0,5311,06/05/2019,Man City,Leicester,1.0,0.0,H,0.0,0.0,D,M Dean,19.0,7.0,5.0,2.0,12.0,5.0,11.0,0.0,3.0,2.0,0.0,0.0,1.12,8.5,17.0
22.0,13.0,5316,12/05/2019,Leicester,Chelsea,0.0,0.0,D,0.0,0.0,D,A Taylor,9.0,14.0,3.0,4.0,9.0,8.0,4.0,5.0,0.0,1.0,0.0,0.0,2.4,3.75,2.9
22.0,16.0,3422,16/08/2014,Leicester,Everton,2.0,2.0,D,1.0,2.0,A,M Jones,11.0,13.0,3.0,3.0,16.0,10.0,3.0,6.0,1.0,1.0,0.0,0.0,3.2,3.4,2.4
13.0,22.0,3432,23/08/2014,Chelsea,Leicester,2.0,0.0,H,0.0,0.0,D,L Mason,27.0,6.0,10.0,4.0,11.0,11.0,8.0,7.0,0.0,1.0,0.0,0.0,1.2,7.5,17.0
22.0,1.0,3449,31/08/2014,Leicester,Arsenal,1.0,1.0,D,1.0,1.0,D,A Taylor,9.0,24.0,3.0,6.0,14.0,6.0,5.0,10.0,3.0,1.0,0.0,0.0,4.75,3.75,1.83
36.0,22.0,3456,13/09/2014,Stoke,Leicester,0.0,1.0,A,0.0,0.0,D,M Oliver,24.0,8.0,4.0,1.0,8.0,15.0,13.0,3.0,3.0,0.0,0.0,0.0,2.1,3.4,4.0
22.0,26.0,3468,21/09/2014,Leicester,Man United,5.0,3.0,H,1.0,2.0,A,M Clattenburg,15.0,16.0,5.0,5.0,11.0,9.0,2.0,4.0,1.0,1.0,0.0,1.0,5.5,4.2,1.67
14.0,22.0,3473,27/09/2014,Crystal Palace,Leicester,2.0,0.0,H,0.0,0.0,D,K Stroud,16.0,7.0,6.0,1.0,14.0,9.0,6.0,6.0,0.0,2.0,0.0,0.0,2.63,3.4,2.88
22.0,10.0,3483,04/10/2014,Leicester,Burnley,2.0,2.0,D,2.0,1.0,H,P Dowd,15.0,10.0,6.0,4.0,16.0,12.0,9.0,3.0,2.0,2.0,0.0,0.0,1.8,3.75,5.0
28.0,22.0,3496,18/10/2014,Newcastle,Leicester,1.0,0.0,H,0.0,0.0,D,M Atkinson,19.0,7.0,6.0,2.0,13.0,15.0,10.0,7.0,0.0,3.0,0.0,0.0,2.25,3.6,3.3
38.0,22.0,3504,25/10/2014,Swansea,Leicester,2.0,0.0,H,1.0,0.0,H,M Jones,7.0,9.0,3.0,4.0,7.0,10.0,2.0,2.0,0.0,0.0,0.0,0.0,1.95,3.7,4.2
22.0,41.0,3515,01/11/2014,Leicester,West Brom,0.0,1.0,A,0.0,0.0,D,S Attwell,14.0,8.0,5.0,3.0,5.0,12.0,8.0,3.0,0.0,1.0,0.0,0.0,2.3,3.5,3.3
35.0,22.0,3525,08/11/2014,Southampton,Leicester,2.0,0.0,H,0.0,0.0,D,M Oliver,18.0,5.0,6.0,0.0,10.0,12.0,13.0,4.0,2.0,2.0,0.0,0.0,1.44,4.75,8.0
22.0,37.0,3534,22/11/2014,Leicester,Sunderland,0.0,0.0,D,0.0,0.0,D,R Madley,13.0,10.0,4.0,5.0,18.0,12.0,6.0,9.0,2.0,3.0,0.0,0.0,2.1,3.5,3.8
32.0,22.0,3544,29/11/2014,QPR,Leicester,3.0,2.0,H,2.0,1.0,H,R East,32.0,19.0,6.0,5.0,8.0,17.0,11.0,5.0,3.0,2.0,0.0,0.0,2.38,3.4,3.25
22.0,23.0,3553,02/12/2014,Leicester,Liverpool,1.0,3.0,A,1.0,1.0,D,L Mason,20.0,11.0,4.0,3.0,11.0,10.0,7.0,4.0,1.0,2.0,1.0,0.0,3.8,3.6,2.05
2.0,22.0,3568,07/12/2014,Aston Villa,Leicester,2.0,1.0,H,1.0,1.0,D,C Pawson,16.0,10.0,7.0,4.0,9.0,14.0,5.0,5.0,4.0,4.0,0.0,1.0,2.4,3.4,3.2
22.0,25.0,3575,13/12/2014,Leicester,Man City,0.0,1.0,A,0.0,1.0,A,J Moss,7.0,9.0,1.0,4.0,15.0,13.0,8.0,2.0,0.0,2.0,0.0,0.0,7.0,4.75,1.5
42.0,22.0,3587,20/12/2014,West Ham,Leicester,2.0,0.0,H,1.0,0.0,H,M Atkinson,10.0,10.0,2.0,4.0,8.0,17.0,9.0,4.0,0.0,3.0,0.0,0.0,1.75,3.9,5.0
22.0,39.0,3596,26/12/2014,Leicester,Tottenham,1.0,2.0,A,0.0,1.0,A,N Swarbrick,22.0,8.0,6.0,3.0,10.0,14.0,11.0,1.0,1.0,2.0,0.0,0.0,3.8,3.6,2.05
19.0,22.0,3602,28/12/2014,Hull,Leicester,0.0,1.0,A,0.0,1.0,A,P Dowd,18.0,4.0,5.0,2.0,12.0,12.0,7.0,1.0,0.0,1.0,1.0,1.0,2.25,3.4,3.5
23.0,22.0,3613,01/01/2015,Liverpool,Leicester,2.0,2.0,D,2.0,0.0,H,M Jones,18.0,16.0,6.0,3.0,13.0,10.0,4.0,5.0,2.0,2.0,0.0,0.0,1.4,5.0,9.0
22.0,2.0,3625,10/01/2015,Leicester,Aston Villa,1.0,0.0,H,1.0,0.0,H,M Oliver,11.0,12.0,3.0,1.0,18.0,6.0,6.0,6.0,1.0,1.0,1.0,1.0,2.2,3.4,3.6
22.0,36.0,3633,17/01/2015,Leicester,Stoke,0.0,1.0,A,0.0,0.0,D,A Marriner,7.0,13.0,3.0,3.0,9.0,6.0,6.0,5.0,1.0,0.0,0.0,0.0,2.63,3.3,2.9
26.0,22.0,3645,31/01/2015,Man United,Leicester,3.0,1.0,H,3.0,0.0,H,M Atkinson,12.0,4.0,5.0,1.0,8.0,12.0,4.0,3.0,0.0,1.0,0.0,0.0,1.36,5.5,9.5
22.0,14.0,3653,07/02/2015,Leicester,Crystal Palace,0.0,1.0,A,0.0,0.0,D,L Mason,19.0,14.0,5.0,2.0,15.0,6.0,8.0,6.0,4.0,1.0,0.0,0.0,2.4,3.3,3.25
1.0,22.0,3661,10/02/2015,Arsenal,Leicester,2.0,1.0,H,2.0,0.0,H,M Jones,17.0,11.0,7.0,4.0,13.0,14.0,6.0,6.0,2.0,2.0,0.0,0.0,1.29,6.0,12.0
16.0,22.0,3678,22/02/2015,Everton,Leicester,2.0,2.0,D,0.0,0.0,D,P Dowd,18.0,15.0,3.0,4.0,7.0,6.0,4.0,7.0,0.0,1.0,0.0,0.0,1.83,3.6,5.0
25.0,22.0,3693,04/03/2015,Man City,Leicester,2.0,0.0,H,1.0,0.0,H,R Madley,22.0,6.0,9.0,2.0,11.0,3.0,10.0,3.0,0.0,1.0,0.0,0.0,1.25,7.0,13.0
22.0,19.0,3703,14/03/2015,Leicester,Hull,0.0,0.0,D,0.0,0.0,D,J Moss,15.0,12.0,3.0,5.0,10.0,15.0,7.0,5.0,0.0,4.0,0.0,1.0,2.2,3.3,3.75
39.0,22.0,3715,21/03/2015,Tottenham,Leicester,4.0,3.0,H,2.0,1.0,H,M Dean,10.0,14.0,4.0,5.0,8.0,9.0,4.0,4.0,2.0,1.0,0.0,0.0,1.53,4.0,6.0
22.0,42.0,3723,04/04/2015,Leicester,West Ham,2.0,1.0,H,1.0,1.0,D,M Clattenburg,20.0,14.0,7.0,7.0,12.0,10.0,7.0,6.0,0.0,3.0,0.0,0.0,2.38,3.3,3.1
41.0,22.0,3736,11/04/2015,West Brom,Leicester,2.0,3.0,A,2.0,1.0,H,M Atkinson,8.0,12.0,5.0,4.0,15.0,15.0,4.0,6.0,2.0,2.0,0.0,0.0,2.3,3.4,3.4
22.0,38.0,3744,18/04/2015,Leicester,Swansea,2.0,0.0,H,1.0,0.0,H,L Probert,18.0,10.0,6.0,6.0,6.0,5.0,6.0,3.0,0.0,2.0,0.0,0.0,2.15,3.4,3.75
10.0,22.0,3748,25/04/2015,Burnley,Leicester,0.0,1.0,A,0.0,0.0,D,A Taylor,12.0,8.0,4.0,4.0,16.0,16.0,6.0,4.0,3.0,0.0,0.0,0.0,2.63,3.3,2.9
22.0,13.0,3759,29/04/2015,Leicester,Chelsea,1.0,3.0,A,1.0,0.0,H,M Clattenburg,8.0,11.0,2.0,4.0,10.0,1.0,2.0,6.0,1.0,0.0,0.0,0.0,5.75,3.8,1.7
22.0,28.0,3761,02/05/2015,Leicester,Newcastle,3.0,0.0,H,2.0,0.0,H,M Dean,19.0,12.0,7.0,3.0,10.0,13.0,10.0,7.0,1.0,2.0,0.0,2.0,1.91,3.7,4.33
22.0,35.0,3774,09/05/2015,Leicester,Southampton,2.0,0.0,H,2.0,0.0,H,R East,10.0,10.0,3.0,3.0,12.0,10.0,4.0,8.0,1.0,0.0,0.0,0.0,2.6,3.4,2.9
37.0,22.0,3784,16/05/2015,Sunderland,Leicester,0.0,0.0,D,0.0,0.0,D,M Atkinson,13.0,11.0,3.0,0.0,14.0,15.0,8.0,9.0,4.0,1.0,0.0,0.0,2.8,3.3,2.75
22.0,32.0,3797,24/05/2015,Leicester,QPR,5.0,1.0,H,2.0,0.0,H,M Oliver,22.0,18.0,7.0,2.0,7.0,6.0,5.0,6.0,0.0,0.0,0.0,0.0,1.6,4.33,6.0
19.0,22.0,4185,13/08/2016,Hull,Leicester,2.0,1.0,H,1.0,0.0,H,M Dean,14.0,18.0,5.0,5.0,8.0,17.0,5.0,3.0,2.0,2.0,0.0,0.0,4.5,3.6,1.91
22.0,1.0,4194,20/08/2016,Leicester,Arsenal,0.0,0.0,D,0.0,0.0,D,M Clattenburg,8.0,13.0,1.0,4.0,11.0,7.0,2.0,7.0,1.0,2.0,0.0,0.0,2.88,3.6,2.5
22.0,38.0,4206,27/08/2016,Leicester,Swansea,2.0,1.0,H,1.0,0.0,H,R East,13.0,9.0,6.0,3.0,14.0,10.0,4.0,6.0,2.0,2.0,0.0,0.0,1.73,3.6,5.25
23.0,22.0,4215,10/09/2016,Liverpool,Leicester,4.0,1.0,H,2.0,1.0,H,C Pawson,17.0,12.0,11.0,3.0,4.0,8.0,1.0,7.0,1.0,2.0,0.0,0.0,1.7,4.0,5.5
22.0,10.0,4225,17/09/2016,Leicester,Burnley,3.0,0.0,H,1.0,0.0,H,A Taylor,14.0,7.0,6.0,2.0,10.0,9.0,7.0,1.0,0.0,1.0,0.0,0.0,1.5,4.33,8.0
26.0,22.0,4235,24/09/2016,Man United,Leicester,4.0,1.0,H,4.0,0.0,H,M Dean,16.0,10.0,7.0,3.0,9.0,12.0,8.0,6.0,0.0,2.0,0.0,0.0,1.73,3.9,5.25
22.0,35.0,4249,02/10/2016,Leicester,Southampton,0.0,0.0,D,0.0,0.0,D,M Atkinson,9.0,11.0,1.0,5.0,9.0,9.0,3.0,6.0,1.0,0.0,0.0,0.0,2.25,3.4,3.5
13.0,22.0,4254,15/10/2016,Chelsea,Leicester,3.0,0.0,H,2.0,0.0,H,A Marriner,16.0,5.0,6.0,0.0,6.0,12.0,8.0,5.0,1.0,1.0,0.0,0.0,1.57,4.5,6.0
22.0,14.0,4266,22/10/2016,Leicester,Crystal Palace,3.0,1.0,H,1.0,0.0,H,M Oliver,17.0,23.0,4.0,7.0,10.0,8.0,8.0,8.0,0.0,0.0,0.0,0.0,2.05,3.5,3.9
39.0,22.0,4276,29/10/2016,Tottenham,Leicester,1.0,1.0,D,1.0,0.0,H,R Madley,22.0,6.0,5.0,1.0,11.0,20.0,8.0,1.0,3.0,4.0,0.0,0.0,1.62,4.2,6.0
22.0,41.0,4289,06/11/2016,Leicester,West Brom,1.0,2.0,A,0.0,0.0,D,C Pawson,5.0,11.0,2.0,5.0,8.0,8.0,5.0,6.0,0.0,2.0,0.0,0.0,1.8,3.6,5.25
40.0,22.0,4299,19/11/2016,Watford,Leicester,2.0,1.0,H,2.0,1.0,H,N Swarbrick,10.0,10.0,3.0,2.0,12.0,18.0,4.0,6.0,2.0,3.0,0.0,0.0,2.8,3.3,2.75
22.0,27.0,4305,26/11/2016,Leicester,Middlesbrough,2.0,2.0,D,1.0,1.0,D,L Mason,11.0,6.0,3.0,2.0,15.0,12.0,2.0,3.0,4.0,4.0,0.0,0.0,1.91,3.6,4.5
37.0,22.0,4315,03/12/2016,Sunderland,Leicester,2.0,1.0,H,0.0,0.0,D,A Marriner,22.0,17.0,6.0,5.0,8.0,12.0,3.0,4.0,3.0,1.0,0.0,0.0,3.4,3.4,2.3
22.0,25.0,4325,10/12/2016,Leicester,Man City,4.0,2.0,H,3.0,0.0,H,M Oliver,10.0,19.0,6.0,4.0,10.0,7.0,3.0,11.0,2.0,1.0,0.0,0.0,5.25,4.0,1.7
7.0,22.0,4332,13/12/2016,Bournemouth,Leicester,1.0,0.0,H,1.0,0.0,H,P Tierney,9.0,12.0,3.0,4.0,5.0,15.0,4.0,11.0,0.0,3.0,0.0,0.0,2.4,3.4,3.2
36.0,22.0,4344,17/12/2016,Stoke,Leicester,2.0,2.0,D,2.0,0.0,H,C Pawson,16.0,14.0,7.0,8.0,9.0,12.0,9.0,9.0,2.0,6.0,0.0,1.0,2.6,3.4,2.9
22.0,16.0,4356,26/12/2016,Leicester,Everton,0.0,2.0,A,0.0,0.0,D,S Attwell,7.0,8.0,2.0,3.0,14.0,7.0,3.0,4.0,3.0,0.0,0.0,0.0,2.5,3.3,2.9
22.0,42.0,4365,31/12/2016,Leicester,West Ham,1.0,0.0,H,1.0,0.0,H,A Taylor,12.0,25.0,4.0,5.0,11.0,8.0,7.0,7.0,5.0,3.0,0.0,0.0,2.1,3.6,3.7
27.0,22.0,4374,02/01/2017,Middlesbrough,Leicester,0.0,0.0,D,0.0,0.0,D,R Madley,9.0,10.0,1.0,4.0,10.0,9.0,2.0,2.0,3.0,0.0,0.0,0.0,2.75,3.2,2.88
22.0,13.0,4384,14/01/2017,Leicester,Chelsea,0.0,3.0,A,0.0,1.0,A,A Marriner,7.0,8.0,2.0,3.0,8.0,9.0,3.0,5.0,1.0,0.0,0.0,0.0,6.0,4.1,1.62
35.0,22.0,4401,22/01/2017,Southampton,Leicester,3.0,0.0,H,2.0,0.0,H,M Oliver,20.0,11.0,7.0,2.0,8.0,10.0,7.0,2.0,0.0,1.0,0.0,0.0,1.83,3.5,5.25
10.0,22.0,4404,31/01/2017,Burnley,Leicester,1.0,0.0,H,0.0,0.0,D,M Dean,24.0,13.0,3.0,5.0,4.0,8.0,10.0,2.0,1.0,0.0,0.0,0.0,2.9,3.25,2.7
22.0,26.0,4420,05/02/2017,Leicester,Man United,0.0,3.0,A,0.0,2.0,A,A Taylor,11.0,15.0,1.0,9.0,12.0,13.0,10.0,3.0,2.0,4.0,0.0,0.0,5.75,4.0,1.65
38.0,22.0,4430,12/02/2017,Swansea,Leicester,2.0,0.0,H,2.0,0.0,H,J Moss,10.0,9.0,4.0,1.0,7.0,14.0,7.0,3.0,2.0,2.0,0.0,0.0,2.4,3.3,3.25
22.0,23.0,4439,27/02/2017,Leicester,Liverpool,3.0,1.0,H,2.0,0.0,H,M Oliver,13.0,17.0,7.0,7.0,8.0,5.0,5.0,12.0,0.0,0.0,0.0,0.0,5.5,4.2,1.65
22.0,19.0,4440,04/03/2017,Leicester,Hull,3.0,1.0,H,1.0,1.0,D,M Dean,17.0,10.0,5.0,4.0,12.0,13.0,10.0,4.0,1.0,1.0,0.0,0.0,1.85,3.6,4.75
42.0,22.0,4461,18/03/2017,West Ham,Leicester,2.0,3.0,A,1.0,3.0,A,R East,20.0,11.0,7.0,5.0,10.0,14.0,6.0,5.0,0.0,1.0,0.0,0.0,2.3,3.5,3.3
22.0,36.0,4468,01/04/2017,Leicester,Stoke,2.0,0.0,H,1.0,0.0,H,L Mason,23.0,10.0,10.0,2.0,7.0,11.0,10.0,4.0,1.0,4.0,0.0,0.0,2.05,3.5,4.0
22.0,37.0,4476,04/04/2017,Leicester,Sunderland,2.0,0.0,H,0.0,0.0,D,G Scott,19.0,15.0,8.0,3.0,12.0,13.0,5.0,6.0,0.0,1.0,0.0,0.0,1.45,4.5,8.5
16.0,22.0,4492,09/04/2017,Everton,Leicester,4.0,2.0,H,3.0,2.0,H,R Madley,12.0,6.0,7.0,4.0,8.0,15.0,4.0,6.0,2.0,2.0,0.0,0.0,1.75,3.9,5.0
14.0,22.0,4495,15/04/2017,Crystal Palace,Leicester,2.0,2.0,D,0.0,1.0,A,M Dean,15.0,6.0,4.0,2.0,10.0,16.0,8.0,5.0,0.0,2.0,0.0,0.0,1.73,3.6,4.75
1.0,22.0,4512,26/04/2017,Arsenal,Leicester,1.0,0.0,H,0.0,0.0,D,M Jones,12.0,7.0,5.0,3.0,9.0,13.0,12.0,1.0,2.0,4.0,0.0,0.0,1.6,4.5,5.75
41.0,22.0,4520,29/04/2017,West Brom,Leicester,0.0,1.0,A,0.0,1.0,A,M Clattenburg,16.0,6.0,4.0,1.0,14.0,9.0,5.0,6.0,2.0,2.0,0.0,0.0,2.4,3.5,2.75
22.0,40.0,4530,06/05/2017,Leicester,Watford,3.0,0.0,H,1.0,0.0,H,R East,11.0,14.0,5.0,7.0,8.0,10.0,10.0,1.0,0.0,0.0,0.0,0.0,1.57,4.2,6.5
25.0,22.0,4540,13/05/2017,Man City,Leicester,2.0,1.0,H,2.0,1.0,H,R Madley,17.0,9.0,5.0,4.0,12.0,16.0,9.0,3.0,3.0,3.0,0.0,0.0,1.25,7.0,12.0
22.0,39.0,4551,18/05/2017,Leicester,Tottenham,1.0,6.0,A,0.0,2.0,A,M Oliver,12.0,26.0,5.0,12.0,11.0,8.0,4.0,4.0,3.0,1.0,0.0,0.0,4.5,3.8,1.85
22.0,7.0,4556,21/05/2017,Leicester,Bournemouth,1.0,1.0,D,0.0,1.0,A,l Mason,21.0,10.0,5.0,4.0,11.0,10.0,9.0,1.0,4.0,1.0,0.0,0.0,2.0,3.6,4.0
22.0,44.0,5329,11/08/2019,Leicester,Wolves,0.0,0.0,D,0.0,0.0,D,A Marriner,15.0,8.0,1.0,2.0,3.0,13.0,12.0,3.0,0.0,2.0,0.0,0.0,2.2,3.2,3.4
13.0,22.0,5340,18/08/2019,Chelsea,Leicester,1.0,1.0,D,1.0,0.0,H,O Langford,14.0,12.0,5.0,3.0,9.0,14.0,4.0,5.0,1.0,0.0,0.0,0.0,1.7,3.75,5.0
34.0,22.0,5346,24/08/2019,Sheffield United,Leicester,1.0,2.0,A,0.0,1.0,A,A Madley,8.0,10.0,3.0,2.0,11.0,6.0,7.0,4.0,1.0,0.0,0.0,0.0,3.3,3.3,2.25
22.0,7.0,5355,31/08/2019,Leicester,Bournemouth,3.0,1.0,H,2.0,1.0,H,P Bankes,13.0,8.0,5.0,2.0,9.0,11.0,4.0,5.0,1.0,3.0,0.0,0.0,1.7,4.0,4.75
26.0,22.0,5364,14/09/2019,Man United,Leicester,1.0,0.0,H,1.0,0.0,H,M Atkinson,10.0,9.0,5.0,3.0,14.0,14.0,3.0,9.0,1.0,2.0,0.0,0.0,1.95,3.5,4.0
22.0,39.0,5373,21/09/2019,Leicester,Tottenham,2.0,1.0,H,0.0,1.0,A,P Tierney,16.0,11.0,7.0,4.0,16.0,13.0,8.0,2.0,1.0,2.0,0.0,0.0,2.87,3.5,2.37
22.0,28.0,5390,29/09/2019,Leicester,Newcastle,5.0,0.0,H,1.0,0.0,H,C Pawson,13.0,3.0,5.0,0.0,12.0,9.0,9.0,0.0,1.0,1.0,0.0,1.0,1.5,4.0,7.5
23.0,22.0,5394,05/10/2019,Liverpool,Leicester,2.0,1.0,H,1.0,0.0,H,C Kavanagh,18.0,2.0,8.0,1.0,9.0,17.0,4.0,6.0,1.0,4.0,0.0,0.0,1.44,4.75,7.0
22.0,10.0,5406,19/10/2019,Leicester,Burnley,2.0,1.0,H,1.0,1.0,D,J Moss,19.0,13.0,3.0,4.0,4.0,10.0,9.0,4.0,0.0,3.0,0.0,0.0,1.57,4.0,6.0
35.0,22.0,5412,25/10/2019,Southampton,Leicester,0.0,9.0,A,0.0,5.0,A,A Marriner,6.0,25.0,3.0,15.0,3.0,12.0,2.0,7.0,0.0,0.0,1.0,0.0,3.1,3.4,2.3
14.0,22.0,5430,03/11/2019,Crystal Palace,Leicester,0.0,2.0,A,0.0,0.0,D,P Tierney,12.0,14.0,3.0,5.0,15.0,16.0,5.0,6.0,2.0,2.0,0.0,0.0,3.5,3.4,2.1
22.0,1.0,5438,09/11/2019,Leicester,Arsenal,2.0,0.0,H,0.0,0.0,D,C Kavanagh,19.0,8.0,7.0,1.0,10.0,10.0,5.0,4.0,1.0,1.0,0.0,0.0,2.0,3.75,3.5
9.0,22.0,5445,23/11/2019,Brighton,Leicester,0.0,2.0,A,0.0,0.0,D,M Dean,7.0,19.0,0.0,9.0,9.0,1.0,6.0,7.0,2.0,0.0,0.0,0.0,3.75,3.5,2.0
22.0,16.0,5460,01/12/2019,Leicester,Everton,2.0,1.0,H,0.0,1.0,A,G Scott,16.0,11.0,6.0,3.0,7.0,9.0,4.0,4.0,0.0,1.0,0.0,0.0,1.61,4.0,5.25
22.0,40.0,5465,04/12/2019,Leicester,Watford,2.0,0.0,H,0.0,0.0,D,C Pawson,12.0,4.0,6.0,1.0,13.0,16.0,7.0,2.0,3.0,2.0,0.0,0.0,1.33,5.5,8.0
2.0,22.0,5477,08/12/2019,Aston Villa,Leicester,1.0,4.0,A,1.0,2.0,A,M Oliver,15.0,23.0,2.0,8.0,21.0,15.0,8.0,5.0,6.0,2.0,0.0,0.0,4.33,3.8,1.8
22.0,29.0,5485,14/12/2019,Leicester,Norwich,1.0,1.0,D,1.0,1.0,D,A Madley,18.0,10.0,5.0,3.0,11.0,15.0,12.0,4.0,0.0,4.0,0.0,0.0,1.22,6.5,13.0
25.0,22.0,5498,21/12/2019,Man City,Leicester,3.0,1.0,H,2.0,1.0,H,M Dean,23.0,5.0,12.0,2.0,14.0,9.0,6.0,1.0,2.0,2.0,0.0,0.0,1.36,5.25,7.5
22.0,23.0,5509,26/12/2019,Leicester,Liverpool,0.0,4.0,A,0.0,1.0,A,M Oliver,3.0,15.0,0.0,6.0,5.0,7.0,2.0,8.0,1.0,1.0,0.0,0.0,3.4,3.75,2.05
42.0,22.0,5516,28/12/2019,West Ham,Leicester,1.0,2.0,A,1.0,1.0,D,D Coote,14.0,13.0,4.0,8.0,16.0,4.0,5.0,5.0,4.0,1.0,0.0,0.0,4.0,3.9,1.83
28.0,22.0,5523,01/01/2020,Newcastle,Leicester,0.0,3.0,A,0.0,2.0,A,M Atkinson,5.0,17.0,2.0,10.0,8.0,12.0,4.0,5.0,1.0,1.0,0.0,0.0,5.0,3.8,1.66
22.0,35.0,5535,11/01/2020,Leicester,Southampton,1.0,2.0,A,1.0,1.0,D,L Mason,5.0,16.0,5.0,10.0,9.0,17.0,2.0,4.0,0.0,3.0,0.0,0.0,1.6,4.0,5.5
10.0,22.0,5549,19/01/2020,Burnley,Leicester,2.0,1.0,H,0.0,1.0,A,A Taylor,8.0,18.0,5.0,8.0,14.0,8.0,4.0,5.0,1.0,0.0,0.0,0.0,4.33,3.75,1.83
22.0,42.0,5557,22/01/2020,Leicester,West Ham,4.0,1.0,H,2.0,0.0,H,D Coote,19.0,6.0,8.0,2.0,10.0,19.0,7.0,8.0,1.0,1.0,0.0,0.0,1.53,4.33,6.0
22.0,13.0,5562,01/02/2020,Leicester,Chelsea,2.0,2.0,D,0.0,0.0,D,L Mason,14.0,7.0,4.0,3.0,16.0,14.0,4.0,6.0,2.0,2.0,0.0,0.0,2.5,3.6,2.7
44.0,22.0,5575,14/02/2020,Wolves,Leicester,0.0,0.0,D,0.0,0.0,D,M Dean,15.0,9.0,3.0,3.0,13.0,10.0,7.0,0.0,2.0,2.0,0.0,1.0,2.5,3.3,2.87
22.0,25.0,5587,22/02/2020,Leicester,Man City,0.0,1.0,A,0.0,0.0,D,P Tierney,10.0,18.0,3.0,7.0,14.0,10.0,3.0,7.0,0.0,0.0,0.0,0.0,4.5,4.2,1.7
29.0,22.0,5592,28/02/2020,Norwich,Leicester,1.0,0.0,H,0.0,0.0,D,C Pawson,11.0,19.0,6.0,4.0,13.0,16.0,6.0,7.0,1.0,2.0,0.0,0.0,4.33,4.1,1.72
22.0,2.0,5609,09/03/2020,Leicester,Aston Villa,4.0,0.0,H,1.0,0.0,H,M Oliver,15.0,4.0,7.0,1.0,15.0,12.0,9.0,0.0,2.0,1.0,0.0,0.0,1.36,5.25,8.0
40.0,22.0,5614,20/06/2020,Watford,Leicester,1.0,1.0,D,0.0,0.0,D,C Pawson,8.0,15.0,4.0,2.0,15.0,12.0,2.0,7.0,0.0,1.0,0.0,0.0,3.6,3.5,2.05
22.0,9.0,5622,23/06/2020,Leicester,Brighton,0.0,0.0,D,0.0,0.0,D,L Mason,11.0,10.0,2.0,2.0,10.0,13.0,6.0,7.0,2.0,2.0,0.0,0.0,1.6,4.0,5.75
16.0,22.0,5638,01/07/2020,Everton,Leicester,2.0,1.0,H,2.0,0.0,H,D Coote,7.0,15.0,2.0,3.0,13.0,10.0,3.0,5.0,1.0,1.0,0.0,0.0,2.5,3.3,2.9
22.0,14.0,5643,04/07/2020,Leicester,Crystal Palace,3.0,0.0,H,0.0,0.0,D,J Moss,15.0,7.0,4.0,1.0,18.0,8.0,3.0,7.0,2.0,1.0,0.0,0.0,1.66,3.6,5.75
1.0,22.0,5654,07/07/2020,Arsenal,Leicester,1.0,1.0,D,1.0,0.0,H,C Kavanagh,11.0,13.0,7.0,5.0,10.0,14.0,10.0,1.0,1.0,0.0,1.0,0.0,2.3,3.5,3.0
7.0,22.0,5670,12/07/2020,Bournemouth,Leicester,4.0,1.0,H,0.0,1.0,A,S Attwell,10.0,13.0,4.0,5.0,11.0,12.0,2.0,6.0,2.0,1.0,0.0,1.0,5.25,3.8,1.66
22.0,34.0,5678,16/07/2020,Leicester,Sheffield United,2.0,0.0,H,1.0,0.0,H,M Oliver,15.0,5.0,7.0,1.0,12.0,10.0,9.0,5.0,1.0,2.0,0.0,0.0,2.05,3.25,3.9
39.0,22.0,5684,19/07/2020,Tottenham,Leicester,3.0,0.0,H,3.0,0.0,H,A Taylor,7.0,24.0,3.0,6.0,15.0,10.0,4.0,13.0,2.0,1.0,0.0,0.0,2.25,3.3,3.25
22.0,26.0,5697,26/07/2020,Leicester,Man United,0.0,2.0,A,0.0,0.0,D,M Atkinson,14.0,7.0,3.0,3.0,12.0,11.0,3.0,3.0,1.0,4.0,1.0,0.0,3.25,3.5,2.2
41.0,22.0,5706,13/09/2020,West Brom,Leicester,0.0,3.0,A,0.0,0.0,D,A Taylor,7.0,13.0,1.0,7.0,12.0,9.0,2.0,5.0,1.0,1.0,0.0,0.0,3.8,3.6,1.95
22.0,10.0,5717,20/09/2020,Leicester,Burnley,4.0,2.0,H,1.0,1.0,D,L Mason,14.0,16.0,6.0,5.0,11.0,13.0,15.0,4.0,1.0,2.0,0.0,0.0,1.61,4.0,5.5
25.0,22.0,5726,27/09/2020,Man City,Leicester,2.0,5.0,A,1.0,1.0,D,M Oliver,16.0,7.0,5.0,7.0,13.0,8.0,3.0,4.0,1.0,3.0,0.0,0.0,1.28,6.0,9.5
22.0,42.0,5734,04/10/2020,Leicester,West Ham,0.0,3.0,A,0.0,2.0,A,A Madley,4.0,14.0,0.0,6.0,11.0,8.0,6.0,4.0,2.0,2.0,0.0,0.0,1.61,4.2,5.25
22.0,2.0,5747,18/10/2020,Leicester,Aston Villa,0.0,1.0,A,0.0,0.0,D,J Moss,11.0,10.0,5.0,4.0,18.0,18.0,2.0,7.0,4.0,3.0,0.0,0.0,1.83,3.8,4.1
1.0,22.0,5757,25/10/2020,Arsenal,Leicester,0.0,1.0,A,0.0,0.0,D,C Pawson,12.0,6.0,4.0,2.0,13.0,9.0,9.0,3.0,3.0,5.0,0.0,0.0,1.9,3.75,3.8
21.0,22.0,5769,02/11/2020,Leeds,Leicester,1.0,4.0,A,0.0,2.0,A,A Marriner,11.0,10.0,4.0,8.0,9.0,5.0,10.0,3.0,1.0,1.0,0.0,0.0,2.5,3.6,2.62
22.0,44.0,5777,08/11/2020,Leicester,Wolves,1.0,0.0,H,1.0,0.0,H,A Taylor,10.0,7.0,3.0,2.0,12.0,8.0,6.0,3.0,2.0,3.0,0.0,0.0,2.3,3.2,3.25
23.0,22.0,5787,22/11/2020,Liverpool,Leicester,3.0,0.0,H,2.0,0.0,H,C Kavanagh,24.0,11.0,13.0,4.0,15.0,6.0,10.0,3.0,0.0,2.0,0.0,0.0,1.85,4.0,3.8
22.0,17.0,5798,30/11/2020,Leicester,Fulham,1.0,2.0,A,0.0,2.0,A,S Hooper,16.0,10.0,3.0,5.0,9.0,21.0,6.0,5.0,0.0,2.0,0.0,0.0,1.5,4.33,6.5
34.0,22.0,5805,06/12/2020,Sheffield United,Leicester,1.0,2.0,A,1.0,1.0,D,S Attwell,4.0,13.0,1.0,4.0,13.0,6.0,6.0,5.0,1.0,3.0,0.0,0.0,3.8,3.5,1.95
22.0,9.0,5818,13/12/2020,Leicester,Brighton,3.0,0.0,H,3.0,0.0,H,M Atkinson,15.0,12.0,6.0,4.0,9.0,11.0,9.0,5.0,2.0,1.0,0.0,0.0,2.0,3.5,3.8
22.0,16.0,5823,16/12/2020,Leicester,Everton,0.0,2.0,A,0.0,1.0,A,L Mason,14.0,11.0,2.0,6.0,12.0,9.0,4.0,6.0,2.0,3.0,0.0,0.0,2.15,3.6,3.25
39.0,22.0,5834,20/12/2020,Tottenham,Leicester,0.0,2.0,A,0.0,1.0,A,C Pawson,8.0,17.0,3.0,4.0,15.0,14.0,5.0,3.0,2.0,2.0,0.0,0.0,2.05,3.5,3.6
22.0,26.0,5839,26/12/2020,Leicester,Man United,2.0,2.0,D,1.0,1.0,D,M Dean,10.0,9.0,2.0,4.0,10.0,17.0,5.0,0.0,2.0,1.0,0.0,0.0,2.9,3.6,2.3
14.0,22.0,5849,28/12/2020,Crystal Palace,Leicester,1.0,1.0,D,0.0,0.0,D,G Scott,4.0,17.0,1.0,3.0,10.0,7.0,2.0,5.0,0.0,1.0,0.0,0.0,3.75,3.5,2.0
28.0,22.0,5863,03/01/2021,Newcastle,Leicester,1.0,2.0,A,0.0,0.0,D,R Jones,8.0,9.0,2.0,3.0,10.0,11.0,3.0,6.0,0.0,2.0,0.0,0.0,5.25,4.2,1.61
22.0,35.0,5876,16/01/2021,Leicester,Southampton,2.0,0.0,H,1.0,0.0,H,S Attwell,16.0,8.0,5.0,3.0,10.0,11.0,2.0,5.0,2.0,2.0,0.0,0.0,1.8,3.75,4.5
22.0,13.0,5882,19/01/2021,Leicester,Chelsea,2.0,0.0,H,2.0,0.0,H,C Pawson,8.0,9.0,6.0,5.0,7.0,16.0,6.0,3.0,1.0,3.0,0.0,0.0,2.87,3.4,2.45
16.0,22.0,5894,27/01/2021,Everton,Leicester,1.0,1.0,D,1.0,0.0,H,M Dean,8.0,19.0,2.0,6.0,12.0,10.0,5.0,11.0,1.0,1.0,0.0,0.0,2.8,3.3,2.55
22.0,21.0,5904,31/01/2021,Leicester,Leeds,1.0,3.0,A,1.0,1.0,D,C Kavanagh,18.0,8.0,8.0,7.0,17.0,16.0,6.0,4.0,0.0,3.0,0.0,0.0,1.8,4.0,4.2
17.0,22.0,5912,03/02/2021,Fulham,Leicester,0.0,2.0,A,0.0,2.0,A,R Jones,8.0,9.0,1.0,5.0,17.0,10.0,5.0,2.0,3.0,1.0,0.0,0.0,4.0,3.5,1.9
44.0,22.0,5923,07/02/2021,Wolves,Leicester,0.0,0.0,D,0.0,0.0,D,M Atkinson,13.0,13.0,1.0,3.0,11.0,15.0,8.0,2.0,1.0,3.0,0.0,0.0,3.5,3.4,2.1
22.0,23.0,5927,13/02/2021,Leicester,Liverpool,3.0,1.0,H,0.0,0.0,D,A Taylor,11.0,15.0,6.0,4.0,9.0,6.0,2.0,12.0,1.0,2.0,0.0,0.0,3.5,3.4,2.1
2.0,22.0,5945,21/02/2021,Aston Villa,Leicester,1.0,2.0,A,0.0,2.0,A,M Oliver,11.0,16.0,2.0,7.0,11.0,12.0,7.0,8.0,2.0,1.0,0.0,0.0,2.87,3.5,2.4
22.0,1.0,5955,28/02/2021,Leicester,Arsenal,1.0,3.0,A,1.0,2.0,A,P Tierney,8.0,12.0,3.0,4.0,15.0,3.0,2.0,7.0,2.0,1.0,0.0,0.0,2.5,3.4,2.8
10.0,22.0,5961,03/03/2021,Burnley,Leicester,1.0,1.0,D,1.0,1.0,D,A Madley,12.0,15.0,7.0,4.0,6.0,12.0,5.0,8.0,0.0,2.0,0.0,0.0,4.0,3.25,2.0
9.0,22.0,5970,06/03/2021,Brighton,Leicester,1.0,2.0,A,1.0,0.0,H,M Oliver,7.0,8.0,2.0,4.0,14.0,8.0,6.0,6.0,0.0,1.0,0.0,0.0,2.55,3.25,2.8
22.0,34.0,5984,14/03/2021,Leicester,Sheffield United,5.0,0.0,H,1.0,0.0,H,P Bankes,19.0,1.0,10.0,0.0,10.0,9.0,9.0,1.0,0.0,2.0,0.0,0.0,1.5,4.2,6.5
22.0,25.0,5994,03/04/2021,Leicester,Man City,0.0,2.0,A,0.0,0.0,D,A Taylor,5.0,11.0,2.0,4.0,13.0,12.0,1.0,1.0,2.0,3.0,0.0,0.0,6.0,4.2,1.53
42.0,22.0,6007,11/04/2021,West Ham,Leicester,3.0,2.0,H,2.0,0.0,H,M Dean,4.0,15.0,4.0,5.0,7.0,13.0,1.0,9.0,3.0,3.0,0.0,0.0,3.0,3.3,2.37
22.0,41.0,6021,22/04/2021,Leicester,West Brom,3.0,0.0,H,3.0,0.0,H,A Madley,17.0,4.0,7.0,1.0,13.0,12.0,7.0,3.0,0.0,2.0,0.0,0.0,1.53,3.8,6.0
22.0,14.0,6029,26/04/2021,Leicester,Crystal Palace,2.0,1.0,H,0.0,1.0,A,G Scott,13.0,4.0,5.0,2.0,13.0,12.0,7.0,2.0,0.0,1.0,0.0,0.0,1.4,4.33,8.5
35.0,22.0,6030,30/04/2021,Southampton,Leicester,1.0,1.0,D,0.0,0.0,D,R Jones,5.0,23.0,3.0,9.0,9.0,13.0,0.0,10.0,1.0,0.0,1.0,0.0,3.8,3.8,1.9
22.0,28.0,6039,07/05/2021,Leicester,Newcastle,2.0,4.0,A,0.0,2.0,A,D England,25.0,14.0,9.0,6.0,12.0,9.0,9.0,6.0,1.0,1.0,0.0,0.0,1.4,4.75,8.0
26.0,22.0,6049,11/05/2021,Man United,Leicester,1.0,2.0,A,1.0,1.0,D,C Pawson,4.0,12.0,1.0,3.0,9.0,12.0,3.0,4.0,0.0,0.0,0.0,0.0,2.5,3.4,2.8
13.0,22.0,6065,18/05/2021,Chelsea,Leicester,2.0,1.0,H,0.0,0.0,D,M Dean,17.0,7.0,6.0,3.0,15.0,16.0,6.0,5.0,2.0,4.0,0.0,0.0,1.7,3.75,5.0
22.0,39.0,6076,23/05/2021,Leicester,Tottenham,2.0,4.0,A,1.0,1.0,D,A Taylor,10.0,11.0,6.0,4.0,9.0,8.0,8.0,7.0,0.0,2.0,0.0,0.0,2.0,4.0,3.3
22.0,8.0,6469,07/08/2022,Leicester,Brentford,2.0,2.0,D,1.0,0.0,H,J Gillett,14.0,8.0,5.0,3.0,6.0,5.0,5.0,6.0,0.0,0.0,0.0,0.0,2.0,3.75,3.5
1.0,22.0,6473,13/08/2022,Arsenal,Leicester,4.0,2.0,H,2.0,0.0,H,D England,19.0,6.0,7.0,2.0,15.0,9.0,6.0,2.0,1.0,1.0,0.0,0.0,1.53,4.33,5.75
22.0,35.0,6486,20/08/2022,Leicester,Southampton,1.0,2.0,A,0.0,0.0,D,M Salisbury,6.0,9.0,1.0,3.0,11.0,15.0,2.0,5.0,2.0,3.0,0.0,0.0,1.83,4.0,4.0
13.0,22.0,6495,27/08/2022,Chelsea,Leicester,2.0,1.0,H,0.0,0.0,D,P Tierney,7.0,17.0,3.0,5.0,10.0,7.0,3.0,11.0,1.0,2.0,1.0,0.0,1.4,5.0,7.0
22.0,26.0,6511,01/09/2022,Leicester,Man United,0.0,1.0,A,0.0,1.0,A,C Pawson,10.0,9.0,2.0,2.0,7.0,15.0,1.0,3.0,1.0,3.0,0.0,0.0,3.4,3.75,2.05
9.0,22.0,6520,04/09/2022,Brighton,Leicester,5.0,2.0,H,2.0,2.0,D,T Harrington,23.0,6.0,11.0,4.0,6.0,8.0,10.0,1.0,1.0,1.0,0.0,0.0,1.83,3.5,4.5
39.0,22.0,6526,17/09/2022,Tottenham,Leicester,6.0,2.0,H,2.0,2.0,D,S Hooper,16.0,19.0,11.0,7.0,9.0,9.0,6.0,1.0,1.0,2.0,0.0,0.0,1.45,4.5,7.0
22.0,30.0,6538,03/10/2022,Leicester,Nott'm Forest,4.0,0.0,H,3.0,0.0,H,R Jones,17.0,10.0,7.0,3.0,13.0,12.0,6.0,6.0,2.0,4.0,0.0,0.0,1.75,4.0,4.33
7.0,22.0,6539,08/10/2022,Bournemouth,Leicester,2.0,1.0,H,0.0,1.0,A,M Salisbury,10.0,9.0,4.0,5.0,8.0,16.0,7.0,2.0,1.0,2.0,0.0,0.0,3.6,3.4,2.05
22.0,14.0,6550,15/10/2022,Leicester,Crystal Palace,0.0,0.0,D,0.0,0.0,D,A Madley,14.0,8.0,5.0,1.0,18.0,13.0,9.0,2.0,2.0,2.0,0.0,0.0,2.3,3.4,3.1
22.0,21.0,6567,20/10/2022,Leicester,Leeds,2.0,0.0,H,2.0,0.0,H,P Bankes,5.0,14.0,1.0,2.0,15.0,11.0,2.0,9.0,2.0,1.0,0.0,0.0,2.25,3.6,3.0
44.0,22.0,6575,23/10/2022,Wolves,Leicester,0.0,4.0,A,0.0,2.0,A,M Oliver,21.0,5.0,5.0,4.0,10.0,13.0,9.0,2.0,2.0,1.0,0.0,0.0,2.25,3.25,3.25
22.0,25.0,6578,29/10/2022,Leicester,Man City,0.0,1.0,A,0.0,0.0,D,R Jones,10.0,15.0,5.0,5.0,5.0,10.0,3.0,10.0,0.0,0.0,0.0,0.0,10.0,6.5,1.25
16.0,22.0,6592,05/11/2022,Everton,Leicester,0.0,2.0,A,0.0,1.0,A,D Coote,12.0,22.0,2.0,8.0,9.0,5.0,8.0,3.0,0.0,0.0,0.0,0.0,2.4,3.3,3.0
42.0,22.0,6603,12/11/2022,West Ham,Leicester,0.0,2.0,A,0.0,1.0,A,J Gillett,18.0,9.0,6.0,6.0,9.0,8.0,7.0,2.0,3.0,1.0,0.0,0.0,2.05,3.4,3.75
22.0,28.0,6611,26/12/2022,Leicester,Newcastle,0.0,3.0,A,0.0,3.0,A,J Gillett,8.0,12.0,2.0,5.0,9.0,6.0,5.0,5.0,0.0,0.0,0.0,0.0,3.25,3.5,2.2
23.0,22.0,6619,30/12/2022,Liverpool,Leicester,2.0,1.0,H,2.0,1.0,H,C Pawson,21.0,7.0,5.0,2.0,8.0,15.0,4.0,5.0,0.0,1.0,0.0,0.0,1.29,6.0,9.5
22.0,17.0,6631,03/01/2023,Leicester,Fulham,0.0,1.0,A,0.0,1.0,A,D Bond,15.0,11.0,6.0,2.0,12.0,11.0,6.0,3.0,2.0,6.0,0.0,0.0,2.2,3.6,3.1
30.0,22.0,6643,14/01/2023,Nott'm Forest,Leicester,2.0,0.0,H,0.0,0.0,D,P Tierney,15.0,6.0,5.0,1.0,11.0,12.0,3.0,5.0,1.0,2.0,0.0,0.0,2.7,3.3,2.63
22.0,9.0,6653,21/01/2023,Leicester,Brighton,2.0,2.0,D,1.0,1.0,D,T Bramall,9.0,13.0,2.0,4.0,9.0,9.0,5.0,6.0,0.0,1.0,0.0,0.0,3.6,3.5,2.05
2.0,22.0,6663,04/02/2023,Aston Villa,Leicester,2.0,4.0,A,2.0,3.0,A,D England,19.0,9.0,4.0,5.0,10.0,10.0,11.0,3.0,0.0,2.0,0.0,0.0,1.95,3.6,3.8
22.0,39.0,6676,11/02/2023,Leicester,Tottenham,4.0,1.0,H,3.0,1.0,H,M Salisbury,15.0,11.0,7.0,4.0,14.0,9.0,1.0,5.0,5.0,2.0,0.0,0.0,3.4,3.6,2.1
26.0,22.0,6691,19/02/2023,Man United,Leicester,3.0,0.0,H,1.0,0.0,H,S Attwell,26.0,19.0,8.0,3.0,9.0,9.0,6.0,6.0,0.0,2.0,0.0,0.0,1.62,4.33,5.25
22.0,1.0,6696,25/02/2023,Leicester,Arsenal,0.0,1.0,A,0.0,0.0,D,C Pawson,1.0,10.0,0.0,2.0,14.0,9.0,0.0,8.0,0.0,1.0,0.0,0.0,4.75,4.0,1.7
35.0,22.0,6709,04/03/2023,Southampton,Leicester,1.0,0.0,H,1.0,0.0,H,R Jones,11.0,11.0,5.0,0.0,12.0,11.0,3.0,4.0,4.0,2.0,0.0,0.0,2.75,3.3,2.6
22.0,13.0,6716,11/03/2023,Leicester,Chelsea,1.0,3.0,A,1.0,2.0,A,A Marriner,17.0,12.0,7.0,6.0,10.0,11.0,2.0,5.0,1.0,2.0,1.0,0.0,3.75,3.5,1.95
8.0,22.0,6727,18/03/2023,Brentford,Leicester,1.0,1.0,D,1.0,0.0,H,D Bond,11.0,14.0,2.0,1.0,10.0,11.0,8.0,4.0,1.0,2.0,1.0,0.0,1.91,3.6,3.75
14.0,22.0,6736,01/04/2023,Crystal Palace,Leicester,2.0,1.0,H,0.0,0.0,D,T Robinson,31.0,3.0,9.0,2.0,12.0,16.0,10.0,1.0,3.0,4.0,0.0,0.0,2.5,3.25,2.9
22.0,2.0,6744,04/04/2023,Leicester,Aston Villa,1.0,2.0,A,1.0,1.0,D,G Scott,9.0,15.0,4.0,5.0,10.0,14.0,4.0,8.0,2.0,0.0,1.0,0.0,2.55,3.3,2.75
22.0,7.0,6752,08/04/2023,Leicester,Bournemouth,0.0,1.0,A,0.0,1.0,A,D Coote,14.0,19.0,4.0,7.0,10.0,13.0,6.0,6.0,0.0,3.0,0.0,0.0,1.83,3.75,4.2
25.0,22.0,6764,15/04/2023,Man City,Leicester,3.0,1.0,H,3.0,0.0,H,D England,12.0,10.0,4.0,4.0,8.0,8.0,6.0,2.0,1.0,1.0,0.0,0.0,1.14,8.5,15.0
22.0,44.0,6772,22/04/2023,Leicester,Wolves,2.0,1.0,H,1.0,1.0,D,A Madley,15.0,16.0,8.0,3.0,17.0,16.0,1.0,7.0,1.0,3.0,0.0,0.0,2.38,3.3,3.0
21.0,22.0,6778,25/04/2023,Leeds,Leicester,1.0,1.0,D,1.0,0.0,H,P Tierney,13.0,15.0,3.0,3.0,14.0,15.0,3.0,6.0,4.0,2.0,0.0,0.0,2.3,3.5,3.0
22.0,16.0,6794,01/05/2023,Leicester,Everton,2.0,2.0,D,2.0,1.0,H,M Oliver,15.0,23.0,6.0,8.0,10.0,12.0,2.0,9.0,4.0,1.0,0.0,0.0,2.0,3.5,3.75
17.0,22.0,6806,08/05/2023,Fulham,Leicester,5.0,3.0,H,3.0,0.0,H,R Jones,17.0,18.0,7.0,9.0,13.0,15.0,2.0,7.0,0.0,3.0,0.0,0.0,2.63,3.5,2.6
22.0,23.0,6818,15/05/2023,Leicester,Liverpool,0.0,3.0,A,0.0,2.0,A,C Pawson,4.0,16.0,4.0,5.0,11.0,17.0,4.0,4.0,2.0,1.0,0.0,0.0,5.25,4.33,1.57
28.0,22.0,6829,22/05/2023,Newcastle,Leicester,0.0,0.0,D,0.0,0.0,D,A Marriner,23.0,1.0,4.0,1.0,9.0,5.0,12.0,1.0,2.0,0.0,0.0,0.0,1.36,5.5,7.0
22.0,42.0,6839,28/05/2023,Leicester,West Ham,2.0,1.0,H,1.0,0.0,H,S Hooper,13.0,16.0,4.0,3.0,8.0,10.0,3.0,5.0,1.0,1.0,0.0,0.0,1.91,3.8,3.6
22.0,39.0,7231,19/08/2024,Leicester,Tottenham,1.0,1.0,D,0.0,1.0,A,C Kavanagh,7.0,15.0,3.0,7.0,11.0,12.0,2.0,13.0,1.0,1.0,0.0,0.0,5.0,4.33,1.62
17.0,22.0,7234,24/08/2024,Fulham,Leicester,2.0,1.0,H,1.0,1.0,D,D Bond,18.0,10.0,6.0,4.0,14.0,13.0,7.0,5.0,2.0,2.0,0.0,0.0,1.8,3.75,4.2
22.0,2.0,7246,31/08/2024,Leicester,Aston Villa,1.0,2.0,A,0.0,1.0,A,D Coote,9.0,10.0,3.0,5.0,13.0,21.0,1.0,4.0,4.0,5.0,0.0,0.0,4.5,4.0,1.7
14.0,22.0,7254,14/09/2024,Crystal Palace,Leicester,2.0,2.0,D,0.0,1.0,A,T Harrington,20.0,9.0,4.0,4.0,11.0,15.0,5.0,2.0,0.0,3.0,0.0,0.0,1.62,4.0,5.5
22.0,16.0,7265,21/09/2024,Leicester,Everton,1.0,1.0,D,0.0,1.0,A,D England,12.0,16.0,2.0,5.0,11.0,12.0,6.0,1.0,1.0,2.0,0.0,0.0,2.45,3.4,2.88
1.0,22.0,7273,28/09/2024,Arsenal,Leicester,4.0,2.0,H,2.0,0.0,H,S Barrott,36.0,5.0,16.0,3.0,11.0,6.0,17.0,0.0,2.0,4.0,0.0,0.0,1.17,8.0,15.0
22.0,7.0,7285,05/10/2024,Leicester,Bournemouth,1.0,0.0,H,1.0,0.0,H,D Bond,6.0,17.0,2.0,2.0,12.0,14.0,0.0,9.0,4.0,1.0,0.0,0.0,3.1,3.75,2.15
35.0,22.0,7297,19/10/2024,Southampton,Leicester,2.0,3.0,A,2.0,0.0,H,A Taylor,14.0,18.0,7.0,4.0,10.0,10.0,10.0,6.0,5.0,3.0,1.0,0.0,2.3,3.5,3.0
22.0,30.0,7302,25/10/2024,Leicester,Nott'm Forest,1.0,3.0,A,1.0,1.0,D,C Pawson,11.0,20.0,1.0,5.0,16.0,9.0,6.0,7.0,5.0,2.0,0.0,0.0,3.0,3.3,2.4
20.0,22.0,7314,02/11/2024,Ipswich,Leicester,1.0,1.0,D,0.0,0.0,D,T Robinson,14.0,20.0,2.0,6.0,11.0,10.0,4.0,6.0,4.0,2.0,1.0,0.0,2.25,3.5,3.1
26.0,22.0,7328,10/11/2024,Man United,Leicester,3.0,0.0,H,2.0,0.0,H,P Bankes,13.0,6.0,3.0,5.0,9.0,5.0,1.0,5.0,0.0,1.0,0.0,0.0,1.38,5.5,6.5
22.0,13.0,7332,23/11/2024,Leicester,Chelsea,1.0,2.0,A,0.0,1.0,A,A Madley,4.0,16.0,1.0,7.0,15.0,12.0,2.0,9.0,4.0,3.0,0.0,0.0,6.5,4.75,1.44
8.0,22.0,7343,30/11/2024,Brentford,Leicester,4.0,1.0,H,3.0,1.0,H,M Oliver,13.0,7.0,6.0,3.0,9.0,10.0,5.0,4.0,1.0,1.0,0.0,0.0,1.65,4.2,4.75
22.0,42.0,7353,03/12/2024,Leicester,West Ham,3.0,1.0,H,1.0,0.0,H,J Smith,8.0,31.0,6.0,10.0,9.0,7.0,3.0,9.0,2.0,2.0,0.0,0.0,2.9,3.4,2.38
22.0,9.0,7368,08/12/2024,Leicester,Brighton,2.0,2.0,D,0.0,1.0,A,S Attwell,10.0,16.0,3.0,7.0,9.0,10.0,5.0,5.0,1.0,2.0,0.0,0.0,4.5,3.8,1.73
28.0,22.0,7373,14/12/2024,Newcastle,Leicester,4.0,0.0,H,1.0,0.0,H,T Bramall,27.0,4.0,11.0,1.0,7.0,16.0,5.0,2.0,3.0,3.0,0.0,0.0,1.3,6.0,8.5
22.0,44.0,7388,22/12/2024,Leicester,Wolves,0.0,3.0,A,0.0,3.0,A,A Taylor,9.0,8.0,5.0,4.0,15.0,16.0,6.0,1.0,2.0,0.0,0.0,0.0,2.55,3.4,2.7
23.0,22.0,7398,26/12/2024,Liverpool,Leicester,3.0,1.0,H,1.0,1.0,D,D Bond,19.0,4.0,7.0,1.0,17.0,5.0,14.0,1.0,3.0,2.0,0.0,0.0,1.08,12.0,23.0
22.0,25.0,7401,29/12/2024,Leicester,Man City,0.0,2.0,A,0.0,1.0,A,M Oliver,11.0,14.0,4.0,5.0,11.0,6.0,4.0,4.0,2.0,1.0,0.0,0.0,7.5,5.5,1.36
2.0,22.0,7412,04/01/2025,Aston Villa,Leicester,2.0,1.0,H,0.0,0.0,D,J Gillett,13.0,4.0,5.0,2.0,10.0,11.0,7.0,2.0,0.0,1.0,0.0,0.0,1.33,5.5,8.5
22.0,14.0,7426,15/01/2025,Leicester,Crystal Palace,0.0,2.0,A,0.0,0.0,D,A Madley,21.0,9.0,4.0,4.0,7.0,6.0,4.0,3.0,0.0,0.0,0.0,0.0,3.9,3.6,1.91
22.0,17.0,7433,18/01/2025,Leicester,Fulham,0.0,2.0,A,0.0,0.0,D,M Salisbury,8.0,17.0,4.0,2.0,8.0,8.0,5.0,2.0,3.0,1.0,0.0,0.0,4.33,3.7,1.8
39.0,22.0,7448,26/01/2025,Tottenham,Leicester,1.0,2.0,A,1.0,0.0,H,R Jones,15.0,12.0,6.0,3.0,6.0,16.0,6.0,4.0,1.0,5.0,0.0,0.0,1.45,5.5,5.5
16.0,22.0,7453,01/02/2025,Everton,Leicester,4.0,0.0,H,3.0,0.0,H,D Bond,13.0,9.0,7.0,1.0,7.0,13.0,5.0,6.0,0.0,0.0,0.0,0.0,1.75,3.75,4.5
22.0,1.0,7463,15/02/2025,Leicester,Arsenal,0.0,2.0,A,0.0,0.0,D,S Barrott,6.0,11.0,2.0,5.0,9.0,10.0,3.0,7.0,2.0,1.0,0.0,0.0,8.5,5.0,1.33
22.0,8.0,7473,21/02/2025,Leicester,Brentford,0.0,4.0,A,0.0,3.0,A,T Harrington,8.0,14.0,3.0,6.0,10.0,10.0,5.0,6.0,4.0,0.0,0.0,0.0,3.6,3.8,1.91
42.0,22.0,7492,27/02/2025,West Ham,Leicester,2.0,0.0,H,2.0,0.0,H,S Attwell,8.0,10.0,2.0,2.0,12.0,6.0,3.0,3.0,0.0,0.0,0.0,0.0,1.62,4.2,5.0
13.0,22.0,7499,09/03/2025,Chelsea,Leicester,1.0,0.0,H,0.0,0.0,D,T Robinson,20.0,3.0,7.0,3.0,12.0,13.0,12.0,2.0,1.0,0.0,0.0,0.0,1.18,8.0,12.0
22.0,26.0,7510,16/03/2025,Leicester,Man United,0.0,3.0,A,0.0,1.0,A,T Bramall,11.0,18.0,3.0,5.0,6.0,6.0,6.0,4.0,2.0,0.0,0.0,0.0,4.5,3.5,1.83
25.0,22.0,7516,02/04/2025,Man City,Leicester,2.0,0.0,H,2.0,0.0,H,D England,18.0,2.0,5.0,0.0,11.0,8.0,5.0,0.0,1.0,4.0,0.0,0.0,1.2,8.0,10.0
22.0,28.0,7530,07/04/2025,Leicester,Newcastle,0.0,3.0,A,0.0,3.0,A,R Jones,7.0,16.0,2.0,5.0,8.0,9.0,12.0,2.0,2.0,0.0,0.0,0.0,6.5,4.2,1.48
9.0,22.0,7532,12/04/2025,Brighton,Leicester,2.0,2.0,D,1.0,1.0,D,D Bond,21.0,15.0,7.0,6.0,9.0,11.0,3.0,6.0,2.0,5.0,0.0,0.0,1.29,6.0,10.0
22.0,23.0,7550,20/04/2025,Leicester,Liverpool,0.0,1.0,A,0.0,0.0,D,S Attwell,5.0,28.0,0.0,10.0,11.0,7.0,1.0,13.0,1.0,2.0,0.0,0.0,11.0,6.25,1.22
44.0,22.0,7558,26/04/2025,Wolves,Leicester,3.0,0.0,H,1.0,0.0,H,S Barrott,20.0,8.0,6.0,2.0,7.0,17.0,4.0,2.0,1.0,4.0,0.0,0.0,1.5,4.2,6.25
22.0,35.0,7565,03/05/2025,Leicester,Southampton,2.0,0.0,H,2.0,0.0,H,D Webb,14.0,8.0,4.0,2.0,12.0,13.0,7.0,7.0,1.0,3.0,0.0,0.0,2.3,3.6,2.88
30.0,22.0,7579,11/05/2025,Nott'm Forest,Leicester,2.0,2.0,D,1.0,1.0,D,T Harrington,15.0,10.0,4.0,6.0,11.0,11.0,4.0,4.0,3.0,3.0,0.0,0.0,1.33,5.25,8.0
22.0,20.0,7587,18/05/2025,Leicester,Ipswich,2.0,0.0,H,1.0,0.0,H,A Kitchen,9.0,20.0,3.0,2.0,15.0,12.0,2.0,2.0,1.0,0.0,0.0,0.0,2.3,3.6,2.9
7.0,22.0,7592,25/05/2025,Bournemouth,Leicester,2.0,0.0,H,0.0,0.0,D,L Smith,20.0,3.0,7.0,0.0,19.0,16.0,6.0,1.0,0.0,2.0,0.0,0.0,1.33,5.25,8.5
22.0,37.0,3805,08/08/2015,Leicester,Sunderland,4.0,2.0,H,3.0,0.0,H,L Mason,19.0,10.0,8.0,5.0,13.0,17.0,6.0,3.0,2.0,4.0,0.0,0.0,1.95,3.5,4.33
42.0,22.0,3818,15/08/2015,West Ham,Leicester,1.0,2.0,A,0.0,2.0,A,A Taylor,10.0,11.0,3.0,6.0,11.0,12.0,8.0,4.0,1.0,3.0,1.0,0.0,2.25,3.5,3.4
22.0,39.0,3823,22/08/2015,Leicester,Tottenham,1.0,1.0,D,0.0,0.0,D,M Atkinson,13.0,19.0,2.0,6.0,7.0,14.0,2.0,7.0,1.0,4.0,0.0,0.0,2.63,3.6,2.75
7.0,22.0,3833,29/08/2015,Bournemouth,Leicester,1.0,1.0,D,1.0,0.0,H,N Swarbrick,5.0,4.0,2.0,2.0,9.0,19.0,4.0,4.0,2.0,4.0,0.0,0.0,2.2,3.6,3.4
22.0,2.0,3849,13/09/2015,Leicester,Aston Villa,3.0,2.0,H,0.0,1.0,A,M Dean,21.0,11.0,6.0,4.0,8.0,13.0,4.0,5.0,2.0,1.0,0.0,0.0,1.91,3.75,4.33
36.0,22.0,3857,19/09/2015,Stoke,Leicester,2.0,2.0,D,2.0,0.0,H,A Marriner,11.0,12.0,4.0,5.0,7.0,12.0,3.0,4.0,1.0,4.0,0.0,0.0,2.5,3.4,3.0
22.0,1.0,3862,26/09/2015,Leicester,Arsenal,2.0,5.0,A,1.0,2.0,A,C Pawson,16.0,26.0,7.0,12.0,9.0,12.0,6.0,5.0,1.0,1.0,0.0,0.0,4.5,4.0,1.8
29.0,22.0,3877,03/10/2015,Norwich,Leicester,1.0,2.0,A,0.0,1.0,A,M Clattenburg,17.0,16.0,2.0,5.0,4.0,4.0,16.0,8.0,0.0,1.0,0.0,0.0,2.3,3.5,3.3
35.0,22.0,3886,17/10/2015,Southampton,Leicester,2.0,2.0,D,2.0,0.0,H,P Tierney,14.0,26.0,6.0,7.0,16.0,10.0,6.0,7.0,2.0,0.0,0.0,0.0,1.75,4.0,5.0
22.0,14.0,3894,24/10/2015,Leicester,Crystal Palace,1.0,0.0,H,0.0,0.0,D,M Dean,12.0,9.0,3.0,4.0,7.0,11.0,3.0,2.0,3.0,1.0,0.0,0.0,2.2,3.6,3.4
41.0,22.0,3908,31/10/2015,West Brom,Leicester,2.0,3.0,A,1.0,0.0,H,A Taylor,14.0,13.0,6.0,5.0,3.0,11.0,6.0,4.0,0.0,2.0,0.0,0.0,2.9,3.4,2.6
22.0,40.0,3913,07/11/2015,Leicester,Watford,2.0,1.0,H,0.0,0.0,D,R East,12.0,8.0,6.0,4.0,10.0,10.0,4.0,2.0,0.0,1.0,0.0,0.0,1.85,3.8,4.5
28.0,22.0,3925,21/11/2015,Newcastle,Leicester,0.0,3.0,A,0.0,1.0,A,M Jones,9.0,18.0,1.0,7.0,9.0,12.0,4.0,9.0,4.0,1.0,0.0,0.0,2.88,3.6,2.5
22.0,26.0,3935,28/11/2015,Leicester,Man United,1.0,1.0,D,1.0,1.0,D,C Pawson,7.0,10.0,3.0,2.0,5.0,7.0,1.0,8.0,0.0,1.0,0.0,0.0,3.1,3.5,2.4
38.0,22.0,3947,05/12/2015,Swansea,Leicester,0.0,3.0,A,0.0,2.0,A,M Oliver,10.0,16.0,2.0,5.0,3.0,19.0,3.0,8.0,2.0,3.0,0.0,0.0,2.7,3.4,2.75
22.0,13.0,3961,14/12/2015,Leicester,Chelsea,2.0,1.0,H,1.0,0.0,H,M Clattenburg,9.0,11.0,5.0,5.0,16.0,8.0,1.0,8.0,2.0,0.0,0.0,0.0,3.2,3.5,2.35
16.0,22.0,3963,19/12/2015,Everton,Leicester,2.0,3.0,A,1.0,1.0,D,J Moss,13.0,10.0,5.0,5.0,6.0,14.0,10.0,2.0,2.0,1.0,0.0,0.0,2.1,3.75,3.6
23.0,22.0,3975,26/12/2015,Liverpool,Leicester,1.0,0.0,H,0.0,0.0,D,M Atkinson,25.0,7.0,4.0,3.0,11.0,8.0,7.0,6.0,2.0,1.0,0.0,0.0,1.91,3.8,3.8
22.0,25.0,3990,29/12/2015,Leicester,Man City,0.0,0.0,D,0.0,0.0,D,C Pawson,11.0,21.0,4.0,5.0,11.0,8.0,1.0,13.0,1.0,3.0,0.0,0.0,4.33,4.0,1.85
22.0,7.0,3993,02/01/2016,Leicester,Bournemouth,0.0,0.0,D,0.0,0.0,D,A Marriner,16.0,9.0,2.0,0.0,9.0,5.0,7.0,1.0,1.0,1.0,0.0,1.0,1.91,3.75,4.33
39.0,22.0,4011,13/01/2016,Tottenham,Leicester,0.0,1.0,A,0.0,0.0,D,L Mason,21.0,10.0,5.0,2.0,13.0,10.0,16.0,8.0,1.0,0.0,0.0,0.0,1.75,3.8,5.25
2.0,22.0,4012,16/01/2016,Aston Villa,Leicester,1.0,1.0,D,0.0,1.0,A,R East,14.0,12.0,5.0,5.0,13.0,15.0,3.0,4.0,3.0,2.0,0.0,0.0,3.6,3.4,2.2
22.0,36.0,4023,23/01/2016,Leicester,Stoke,3.0,0.0,H,1.0,0.0,H,M Dean,15.0,3.0,5.0,2.0,10.0,13.0,8.0,4.0,0.0,1.0,0.0,0.0,2.1,3.5,3.8
22.0,23.0,4034,02/02/2016,Leicester,Liverpool,2.0,0.0,H,0.0,0.0,D,A Marriner,13.0,14.0,6.0,2.0,6.0,7.0,3.0,12.0,0.0,1.0,0.0,0.0,2.63,3.4,2.88
25.0,22.0,4044,06/02/2016,Man City,Leicester,1.0,3.0,A,0.0,1.0,A,A Taylor,22.0,14.0,4.0,7.0,9.0,15.0,11.0,4.0,2.0,2.0,0.0,0.0,1.62,4.2,6.0
1.0,22.0,4059,14/02/2016,Arsenal,Leicester,2.0,1.0,H,0.0,1.0,A,M Atkinson,24.0,7.0,6.0,3.0,9.0,10.0,11.0,1.0,4.0,3.0,0.0,1.0,1.75,4.0,5.0
22.0,29.0,4062,27/02/2016,Leicester,Norwich,1.0,0.0,H,0.0,0.0,D,N Swarbrick,13.0,9.0,3.0,1.0,9.0,11.0,3.0,4.0,0.0,2.0,0.0,0.0,1.5,4.33,6.0
22.0,41.0,4072,01/03/2016,Leicester,West Brom,2.0,2.0,D,2.0,1.0,H,M Clattenburg,22.0,11.0,5.0,3.0,10.0,8.0,11.0,3.0,0.0,2.0,0.0,0.0,1.73,3.8,5.5
40.0,22.0,4087,05/03/2016,Watford,Leicester,0.0,1.0,A,0.0,0.0,D,J Moss,11.0,14.0,4.0,7.0,10.0,11.0,3.0,8.0,2.0,2.0,0.0,0.0,3.0,3.4,2.55
22.0,28.0,4094,14/03/2016,Leicester,Newcastle,1.0,0.0,H,1.0,0.0,H,C Pawson,10.0,13.0,1.0,2.0,4.0,9.0,8.0,4.0,0.0,0.0,0.0,0.0,1.57,4.33,6.25
14.0,22.0,4096,19/03/2016,Crystal Palace,Leicester,0.0,1.0,A,0.0,1.0,A,M Jones,12.0,8.0,4.0,3.0,9.0,13.0,10.0,7.0,1.0,1.0,0.0,0.0,3.0,3.4,2.5
22.0,35.0,4113,03/04/2016,Leicester,Southampton,1.0,0.0,H,1.0,0.0,H,M Oliver,11.0,10.0,4.0,2.0,12.0,13.0,7.0,8.0,2.0,2.0,0.0,0.0,2.25,3.4,3.5
37.0,22.0,4123,10/04/2016,Sunderland,Leicester,0.0,2.0,A,0.0,0.0,D,A Taylor,15.0,17.0,1.0,7.0,9.0,9.0,1.0,7.0,1.0,1.0,0.0,0.0,3.4,3.4,2.1
22.0,42.0,4134,17/04/2016,Leicester,West Ham,2.0,2.0,D,1.0,0.0,H,J Moss,6.0,19.0,2.0,4.0,14.0,14.0,0.0,5.0,1.0,3.0,1.0,0.0,1.95,3.6,4.2
22.0,38.0,4145,24/04/2016,Leicester,Swansea,4.0,0.0,H,2.0,0.0,H,M Clattenburg,18.0,9.0,9.0,1.0,15.0,10.0,4.0,6.0,1.0,2.0,0.0,0.0,1.75,3.7,5.5
26.0,22.0,4154,01/05/2016,Man United,Leicester,1.0,1.0,D,1.0,1.0,D,M Oliver,21.0,14.0,6.0,3.0,16.0,10.0,6.0,5.0,3.0,0.0,0.0,1.0,2.1,3.4,3.9
22.0,16.0,4161,07/05/2016,Leicester,Everton,3.0,1.0,H,2.0,0.0,H,A Marriner,32.0,9.0,8.0,5.0,4.0,12.0,12.0,4.0,0.0,3.0,0.0,0.0,1.91,4.0,4.0
13.0,22.0,4173,15/05/2016,Chelsea,Leicester,1.0,1.0,D,0.0,0.0,D,C Pawson,17.0,18.0,4.0,5.0,4.0,12.0,7.0,6.0,0.0,0.0,0.0,0.0,2.3,3.75,3.1
1.0,22.0,4562,11/08/2017,Arsenal,Leicester,4.0,3.0,H,2.0,2.0,D,M Dean,27.0,6.0,10.0,3.0,9.0,12.0,9.0,4.0,0.0,1.0,0.0,0.0,1.53,4.5,6.5
22.0,9.0,4574,19/08/2017,Leicester,Brighton,2.0,0.0,H,1.0,0.0,H,L Probert,14.0,5.0,4.0,2.0,8.0,10.0,6.0,2.0,1.0,0.0,0.0,0.0,1.73,3.8,5.5
26.0,22.0,4585,26/08/2017,Man United,Leicester,2.0,0.0,H,0.0,0.0,D,M Oliver,22.0,11.0,7.0,4.0,8.0,7.0,9.0,3.0,1.0,2.0,0.0,0.0,1.33,5.5,11.0
22.0,13.0,4595,09/09/2017,Leicester,Chelsea,1.0,2.0,A,0.0,1.0,A,L Mason,8.0,16.0,2.0,6.0,11.0,8.0,2.0,9.0,1.0,0.0,0.0,0.0,4.75,3.9,1.8
18.0,22.0,4604,16/09/2017,Huddersfield,Leicester,1.0,1.0,D,0.0,0.0,D,J Moss,15.0,10.0,3.0,1.0,6.0,6.0,8.0,4.0,1.0,1.0,0.0,0.0,3.5,3.4,2.25
22.0,23.0,4614,23/09/2017,Leicester,Liverpool,2.0,3.0,A,1.0,2.0,A,A Taylor,12.0,23.0,7.0,6.0,13.0,14.0,3.0,6.0,3.0,3.0,0.0,0.0,4.1,3.9,1.91
7.0,22.0,4622,30/09/2017,Bournemouth,Leicester,0.0,0.0,D,0.0,0.0,D,G Scott,19.0,8.0,4.0,1.0,6.0,10.0,7.0,5.0,1.0,0.0,0.0,0.0,2.8,3.25,2.5
22.0,41.0,4641,16/10/2017,Leicester,West Brom,1.0,1.0,D,0.0,0.0,D,M Dean,11.0,5.0,3.0,1.0,13.0,6.0,4.0,1.0,2.0,2.0,0.0,0.0,2.05,3.4,4.2
38.0,22.0,4649,21/10/2017,Swansea,Leicester,1.0,2.0,A,0.0,1.0,A,M Oliver,19.0,11.0,4.0,6.0,6.0,9.0,7.0,6.0,0.0,1.0,0.0,0.0,2.79,3.25,2.75
22.0,16.0,4660,29/10/2017,Leicester,Everton,2.0,0.0,H,2.0,0.0,H,A Marriner,9.0,16.0,3.0,2.0,6.0,10.0,3.0,10.0,0.0,2.0,0.0,0.0,2.14,3.39,3.75
36.0,22.0,4665,04/11/2017,Stoke,Leicester,2.0,2.0,D,1.0,1.0,D,R Madley,11.0,14.0,7.0,4.0,12.0,8.0,4.0,10.0,0.0,0.0,0.0,0.0,2.7,3.29,2.87
22.0,25.0,4676,18/11/2017,Leicester,Man City,0.0,2.0,A,0.0,1.0,A,G Scott,2.0,12.0,0.0,4.0,8.0,10.0,1.0,7.0,1.0,1.0,0.0,0.0,9.5,5.75,1.33
42.0,22.0,4682,24/11/2017,West Ham,Leicester,1.0,1.0,D,1.0,1.0,D,M Atkinson,8.0,7.0,4.0,2.0,9.0,12.0,5.0,5.0,1.0,1.0,0.0,0.0,2.7,3.39,2.75
22.0,39.0,4693,28/11/2017,Leicester,Tottenham,2.0,1.0,H,2.0,0.0,H,A Taylor,7.0,18.0,4.0,6.0,7.0,10.0,4.0,9.0,1.0,2.0,0.0,0.0,5.0,3.89,1.75
22.0,10.0,4706,02/12/2017,Leicester,Burnley,1.0,0.0,H,1.0,0.0,H,P Tierney,16.0,14.0,3.0,4.0,3.0,11.0,10.0,7.0,0.0,2.0,0.0,0.0,1.83,3.6,5.0
28.0,22.0,4715,09/12/2017,Newcastle,Leicester,2.0,3.0,A,1.0,1.0,D,N Swarbrick,10.0,13.0,4.0,5.0,10.0,9.0,6.0,5.0,2.0,1.0,0.0,0.0,2.62,3.29,2.89
35.0,22.0,4728,13/12/2017,Southampton,Leicester,1.0,4.0,A,0.0,3.0,A,C Kavanagh,12.0,16.0,4.0,11.0,13.0,9.0,9.0,9.0,1.0,0.0,0.0,0.0,2.1,3.39,3.89
22.0,14.0,4735,16/12/2017,Leicester,Crystal Palace,0.0,3.0,A,0.0,2.0,A,M Atkinson,11.0,13.0,2.0,6.0,12.0,13.0,6.0,4.0,2.0,2.0,1.0,0.0,1.89,3.6,4.5
22.0,26.0,4746,23/12/2017,Leicester,Man United,2.0,2.0,D,1.0,1.0,D,J Moss,11.0,19.0,3.0,6.0,19.0,8.0,4.0,6.0,2.0,2.0,1.0,0.0,4.5,3.6,1.9
40.0,22.0,4758,26/12/2017,Watford,Leicester,2.0,1.0,H,1.0,1.0,D,C Kavanagh,11.0,11.0,1.0,5.0,7.0,13.0,8.0,8.0,3.0,3.0,0.0,0.0,2.54,3.5,2.87
23.0,22.0,4765,30/12/2017,Liverpool,Leicester,2.0,1.0,H,0.0,1.0,A,N Swarbrick,17.0,7.0,6.0,1.0,7.0,3.0,7.0,1.0,3.0,2.0,0.0,0.0,1.3,6.0,11.0
22.0,18.0,4774,01/01/2018,Leicester,Huddersfield,3.0,0.0,H,0.0,0.0,D,G Scott,11.0,6.0,5.0,1.0,7.0,9.0,4.0,1.0,1.0,1.0,0.0,0.0,1.66,3.79,6.0
13.0,22.0,4782,13/01/2018,Chelsea,Leicester,0.0,0.0,D,0.0,0.0,D,M Jones,17.0,14.0,7.0,1.0,14.0,13.0,6.0,3.0,2.0,2.0,0.0,1.0,1.3,5.75,12.0
22.0,40.0,4796,20/01/2018,Leicester,Watford,2.0,0.0,H,1.0,0.0,H,L Probert,9.0,11.0,5.0,3.0,11.0,10.0,4.0,5.0,0.0,0.0,0.0,0.0,1.85,3.89,4.33
16.0,22.0,4806,31/01/2018,Everton,Leicester,2.0,1.0,H,2.0,0.0,H,C Kavanagh,9.0,8.0,4.0,1.0,9.0,10.0,5.0,5.0,0.0,2.0,0.0,0.0,3.0,3.2,2.62
22.0,38.0,4816,03/02/2018,Leicester,Swansea,1.0,1.0,D,1.0,0.0,H,A Taylor,13.0,3.0,5.0,1.0,9.0,8.0,3.0,3.0,1.0,0.0,0.0,0.0,1.8,3.6,5.25
25.0,22.0,4823,10/02/2018,Man City,Leicester,5.0,1.0,H,1.0,1.0,D,M Jones,19.0,2.0,11.0,2.0,10.0,12.0,8.0,2.0,2.0,3.0,0.0,0.0,1.19,6.5,13.0
22.0,36.0,4835,24/02/2018,Leicester,Stoke,1.0,1.0,D,0.0,1.0,A,M Oliver,19.0,6.0,9.0,2.0,10.0,16.0,13.0,1.0,1.0,3.0,0.0,0.0,1.72,3.89,5.25
22.0,7.0,4843,03/03/2018,Leicester,Bournemouth,1.0,1.0,D,0.0,1.0,A,L Probert,23.0,8.0,4.0,3.0,11.0,7.0,13.0,1.0,2.0,1.0,0.0,0.0,1.85,3.75,4.5
41.0,22.0,4857,10/03/2018,West Brom,Leicester,1.0,4.0,A,1.0,1.0,D,R Madley,6.0,14.0,2.0,6.0,6.0,7.0,7.0,6.0,1.0,3.0,0.0,0.0,3.0,3.25,2.6
9.0,22.0,4866,31/03/2018,Brighton,Leicester,0.0,2.0,A,0.0,0.0,D,C Kavanagh,15.0,6.0,3.0,4.0,11.0,13.0,6.0,1.0,2.0,4.0,0.0,1.0,2.7,3.2,2.62
22.0,28.0,4879,07/04/2018,Leicester,Newcastle,1.0,2.0,A,0.0,1.0,A,S Attwell,8.0,8.0,1.0,4.0,7.0,14.0,7.0,5.0,1.0,3.0,0.0,0.0,1.95,3.6,4.2
10.0,22.0,4886,14/04/2018,Burnley,Leicester,2.0,1.0,H,2.0,0.0,H,M Atkinson,8.0,15.0,3.0,6.0,9.0,10.0,4.0,8.0,2.0,1.0,0.0,0.0,2.62,3.2,3.0
22.0,35.0,4899,19/04/2018,Leicester,Southampton,0.0,0.0,D,0.0,0.0,D,R East,11.0,6.0,3.0,2.0,10.0,10.0,11.0,3.0,0.0,0.0,0.0,0.0,2.25,3.29,3.2
14.0,22.0,4907,28/04/2018,Crystal Palace,Leicester,5.0,0.0,H,2.0,0.0,H,M Dean,15.0,6.0,9.0,1.0,11.0,9.0,8.0,2.0,1.0,1.0,0.0,1.0,2.04,3.6,3.79
22.0,42.0,4919,05/05/2018,Leicester,West Ham,0.0,2.0,A,0.0,1.0,A,C Kavanagh,13.0,13.0,2.0,3.0,8.0,9.0,8.0,3.0,1.0,2.0,0.0,0.0,2.25,3.5,3.39
22.0,1.0,4928,09/05/2018,Leicester,Arsenal,3.0,1.0,H,1.0,0.0,H,G Scott,19.0,14.0,10.0,7.0,7.0,12.0,6.0,6.0,2.0,2.0,0.0,1.0,3.75,3.79,2.0
39.0,22.0,4940,13/05/2018,Tottenham,Leicester,5.0,4.0,H,1.0,2.0,A,C Pawson,14.0,16.0,6.0,9.0,9.0,13.0,4.0,4.0,1.0,2.0,0.0,0.0,1.33,6.0,9.0
